Organ Transplantation Type ,Organ Procurement Organization Name,Organ Procurement Organization City,County ,State,State Abbreviation,Data Warehouse Record Create Date Text,Geocoding  Primary X Coordinate,Geocoding Primary Y Coordinate
Kidney,Alabama Organ Center,Birmingham,Jefferson County,Alabama,AL,10/25/18,-86.8048235,33.50351964
Liver,Alabama Organ Center,Birmingham,Jefferson County,Alabama,AL,10/25/18,-86.8048235,33.50351964
Heart,Alabama Organ Center,Birmingham,Jefferson County,Alabama,AL,10/25/18,-86.8048235,33.50351964
Kidney,Alabama Organ Center,Birmingham,Jefferson County,Alabama,AL,10/25/18,-86.81463676,33.48393034
Pancreas,Alabama Organ Center,Birmingham,Jefferson County,Alabama,AL,10/25/18,-86.81463676,33.48393034
Pancreas Islet,Alabama Organ Center,Birmingham,Jefferson County,Alabama,AL,10/25/18,-86.81463676,33.48393034
Liver,Alabama Organ Center,Birmingham,Jefferson County,Alabama,AL,10/25/18,-86.81463676,33.48393034
Intestine,Alabama Organ Center,Birmingham,Jefferson County,Alabama,AL,10/25/18,-86.81463676,33.48393034
Heart,Alabama Organ Center,Birmingham,Jefferson County,Alabama,AL,10/25/18,-86.81463676,33.48393034
Lung,Alabama Organ Center,Birmingham,Jefferson County,Alabama,AL,10/25/18,-86.81463676,33.48393034
Kidney,Alabama Organ Center,Birmingham,Jefferson County,Alabama,AL,10/25/18,-86.80125286,33.50507976
Heart,Arkansas Regional Organ Recovery Agency,Little Rock,Pulaski County,Arkansas,AR,10/25/18,-92.34247903,34.74498276
Kidney,Arkansas Regional Organ Recovery Agency,Little Rock,Pulaski County,Arkansas,AR,10/25/18,-92.29152689,34.74345911
Heart,Arkansas Regional Organ Recovery Agency,Little Rock,Pulaski County,Arkansas,AR,10/25/18,-92.29152689,34.74345911
Kidney,Arkansas Regional Organ Recovery Agency,Little Rock,Pulaski County,Arkansas,AR,10/25/18,-92.32074491,34.75148943
Liver,Arkansas Regional Organ Recovery Agency,Little Rock,Pulaski County,Arkansas,AR,10/25/18,-92.32074491,34.75148943
Kidney,Donor Network of Arizona,Phoenix,Maricopa County,Arizona,AZ,10/25/18,-112.040433,33.48022652
Liver,Donor Network of Arizona,Phoenix,Maricopa County,Arizona,AZ,10/25/18,-112.040433,33.48022652
Heart,Donor Network of Arizona,Phoenix,Maricopa County,Arizona,AZ,10/25/18,-112.040433,33.48022652
Kidney,Donor Network of Arizona,Phoenix,Maricopa County,Arizona,AZ,10/25/18,-112.056349,33.46403138
Pancreas,Donor Network of Arizona,Phoenix,Maricopa County,Arizona,AZ,10/25/18,-112.056349,33.46403138
Liver,Donor Network of Arizona,Phoenix,Maricopa County,Arizona,AZ,10/25/18,-112.056349,33.46403138
Kidney,Donor Network of Arizona,Phoenix,Maricopa County,Arizona,AZ,10/25/18,-111.9543636,33.66279924
Pancreas,Donor Network of Arizona,Phoenix,Maricopa County,Arizona,AZ,10/25/18,-111.9543636,33.66279924
Liver,Donor Network of Arizona,Phoenix,Maricopa County,Arizona,AZ,10/25/18,-111.9543636,33.66279924
Heart,Donor Network of Arizona,Phoenix,Maricopa County,Arizona,AZ,10/25/18,-111.9543636,33.66279924
Vascularized Composite Allograft (VCA),Donor Network of Arizona,Phoenix,Maricopa County,Arizona,AZ,10/25/18,-111.9543636,33.66279924
Kidney,Donor Network of Arizona,Phoenix,Maricopa County,Arizona,AZ,10/25/18,-112.0798099,33.48038354
Liver,Donor Network of Arizona,Phoenix,Maricopa County,Arizona,AZ,10/25/18,-112.0798099,33.48038354
Lung,Donor Network of Arizona,Phoenix,Maricopa County,Arizona,AZ,10/25/18,-112.0798099,33.48038354
Kidney,Donor Network of Arizona,Phoenix,Pima County,Arizona,AZ,10/25/18,-110.944135,32.240799
Pancreas,Donor Network of Arizona,Phoenix,Pima County,Arizona,AZ,10/25/18,-110.944135,32.240799
Liver,Donor Network of Arizona,Phoenix,Pima County,Arizona,AZ,10/25/18,-110.944135,32.240799
Intestine,Donor Network of Arizona,Phoenix,Pima County,Arizona,AZ,10/25/18,-110.944135,32.240799
Heart,Donor Network of Arizona,Phoenix,Pima County,Arizona,AZ,10/25/18,-110.944135,32.240799
Lung,Donor Network of Arizona,Phoenix,Pima County,Arizona,AZ,10/25/18,-110.944135,32.240799
Kidney,Lifesharing - A Donate Life Organization,San Diego,San Diego County,California,CA,10/25/18,-117.1507454,32.79636352
Heart,Lifesharing - A Donate Life Organization,San Diego,San Diego County,California,CA,10/25/18,-117.1507454,32.79636352
Kidney,OneLegacy,Los Angeles,Los Angeles County,California,CA,10/25/18,-118.2906115,34.09807795
Pancreas,OneLegacy,Los Angeles,Los Angeles County,California,CA,10/25/18,-118.2906115,34.09807795
Liver,OneLegacy,Los Angeles,Los Angeles County,California,CA,10/25/18,-118.2906115,34.09807795
Intestine,OneLegacy,Los Angeles,Los Angeles County,California,CA,10/25/18,-118.2906115,34.09807795
Heart,OneLegacy,Los Angeles,Los Angeles County,California,CA,10/25/18,-118.2906115,34.09807795
Kidney,OneLegacy,Los Angeles,Los Angeles County,California,CA,10/25/18,-118.3805615,34.07681049
Liver,OneLegacy,Los Angeles,Los Angeles County,California,CA,10/25/18,-118.3805615,34.07681049
Heart,OneLegacy,Los Angeles,Los Angeles County,California,CA,10/25/18,-118.3805615,34.07681049
Lung,OneLegacy,Los Angeles,Los Angeles County,California,CA,10/25/18,-118.3805615,34.07681049
Kidney,Lifesharing - A Donate Life Organization,San Diego,San Diego County,California,CA,10/25/18,-117.2417747,32.89640932
Pancreas,Lifesharing - A Donate Life Organization,San Diego,San Diego County,California,CA,10/25/18,-117.2417747,32.89640932
Liver,Lifesharing - A Donate Life Organization,San Diego,San Diego County,California,CA,10/25/18,-117.2417747,32.89640932
Pancreas Islet,OneLegacy,Los Angeles,Los Angeles County,California,CA,10/25/18,-117.9735599,34.13219254
Kidney,OneLegacy,Los Angeles,Orange County,California,CA,10/25/18,-117.890709,33.78700854
Pancreas,OneLegacy,Los Angeles,Orange County,California,CA,10/25/18,-117.890709,33.78700854
Kidney,OneLegacy,Los Angeles,Los Angeles County,California,CA,10/25/18,-118.293532,33.83154754
Pancreas Islet,OneLegacy,Los Angeles,Los Angeles County,California,CA,10/25/18,-118.293532,33.83154754
Kidney,OneLegacy,Los Angeles,San Bernardino County,California,CA,10/25/18,-117.2512844,34.04806351
Pancreas,OneLegacy,Los Angeles,San Bernardino County,California,CA,10/25/18,-117.2512844,34.04806351
Liver,OneLegacy,Los Angeles,San Bernardino County,California,CA,10/25/18,-117.2512844,34.04806351
Heart,OneLegacy,Los Angeles,San Bernardino County,California,CA,10/25/18,-117.2512844,34.04806351
Kidney,Donor Network West,San Ramon,San Francisco County,California,CA,10/25/18,-122.3904234,37.76522187
Pancreas,Donor Network West,San Ramon,San Francisco County,California,CA,10/25/18,-122.3904234,37.76522187
Liver,Donor Network West,San Ramon,San Francisco County,California,CA,10/25/18,-122.3904234,37.76522187
Heart,Donor Network West,San Ramon,San Francisco County,California,CA,10/25/18,-122.3904234,37.76522187
Kidney,Donor Network West,San Ramon,Santa Clara County,California,CA,10/25/18,-122.1747674,37.43729902
Pancreas,Donor Network West,San Ramon,Santa Clara County,California,CA,10/25/18,-122.1747674,37.43729902
Liver,Donor Network West,San Ramon,Santa Clara County,California,CA,10/25/18,-122.1747674,37.43729902
Intestine,Donor Network West,San Ramon,Santa Clara County,California,CA,10/25/18,-122.1747674,37.43729902
Heart,Donor Network West,San Ramon,Santa Clara County,California,CA,10/25/18,-122.1747674,37.43729902
Lung,Donor Network West,San Ramon,Santa Clara County,California,CA,10/25/18,-122.1747674,37.43729902
Kidney,Donor Network West,San Ramon,San Francisco County,California,CA,10/25/18,-122.4308562,37.79067725
Pancreas,Donor Network West,San Ramon,San Francisco County,California,CA,10/25/18,-122.4308562,37.79067725
Liver,Donor Network West,San Ramon,San Francisco County,California,CA,10/25/18,-122.4308562,37.79067725
Heart,Donor Network West,San Ramon,San Francisco County,California,CA,10/25/18,-122.4308562,37.79067725
Kidney,OneLegacy,Los Angeles,Riverside County,California,CA,10/25/18,-117.3801659,33.97592159
Kidney,Lifesharing - A Donate Life Organization,San Diego,San Diego County,California,CA,10/25/18,-117.165551,32.75379752
Pancreas,Lifesharing - A Donate Life Organization,San Diego,San Diego County,California,CA,10/25/18,-117.165551,32.75379752
Liver,Lifesharing - A Donate Life Organization,San Diego,San Diego County,California,CA,10/25/18,-117.165551,32.75379752
Heart,Lifesharing - A Donate Life Organization,San Diego,San Diego County,California,CA,10/25/18,-117.165551,32.75379752
Lung,Lifesharing - A Donate Life Organization,San Diego,San Diego County,California,CA,10/25/18,-117.165551,32.75379752
Kidney,Donor Network West,San Ramon,San Francisco County,California,CA,10/25/18,-122.4541564,37.76440322
Pancreas,Donor Network West,San Ramon,San Francisco County,California,CA,10/25/18,-122.4541564,37.76440322
Pancreas Islet,Donor Network West,San Ramon,San Francisco County,California,CA,10/25/18,-122.4541564,37.76440322
Liver,Donor Network West,San Ramon,San Francisco County,California,CA,10/25/18,-122.4541564,37.76440322
Intestine,Donor Network West,San Ramon,San Francisco County,California,CA,10/25/18,-122.4541564,37.76440322
Heart,Donor Network West,San Ramon,San Francisco County,California,CA,10/25/18,-122.4541564,37.76440322
Lung,Donor Network West,San Ramon,San Francisco County,California,CA,10/25/18,-122.4541564,37.76440322
Heart,Sierra Donor Services,West Sacramento,Sacramento County,California,CA,10/25/18,-121.4698612,38.57038623
Kidney,Lifesharing - A Donate Life Organization,San Diego,San Diego County,California,CA,10/25/18,-117.1552495,32.80021597
Pancreas,Lifesharing - A Donate Life Organization,San Diego,San Diego County,California,CA,10/25/18,-117.1552495,32.80021597
Heart,Lifesharing - A Donate Life Organization,San Diego,San Diego County,California,CA,10/25/18,-117.1552495,32.80021597
Kidney,OneLegacy,Los Angeles,Orange County,California,CA,10/25/18,-117.8648515,33.78236253
Kidney,Sierra Donor Services,West Sacramento,Sacramento County,California,CA,10/25/18,-121.4575014,38.55434599
Pancreas,Sierra Donor Services,West Sacramento,Sacramento County,California,CA,10/25/18,-121.4575014,38.55434599
Heart,Sierra Donor Services,West Sacramento,Sacramento County,California,CA,10/25/18,-121.4575014,38.55434599
Kidney,Donor Network West,San Ramon,Santa Clara County,California,CA,10/25/18,-122.1758815,37.43303549
Pancreas,Donor Network West,San Ramon,Santa Clara County,California,CA,10/25/18,-122.1758815,37.43303549
Liver,Donor Network West,San Ramon,Santa Clara County,California,CA,10/25/18,-122.1758815,37.43303549
Intestine,Donor Network West,San Ramon,Santa Clara County,California,CA,10/25/18,-122.1758815,37.43303549
Heart,Donor Network West,San Ramon,Santa Clara County,California,CA,10/25/18,-122.1758815,37.43303549
Lung,Donor Network West,San Ramon,Santa Clara County,California,CA,10/25/18,-122.1758815,37.43303549
Kidney,OneLegacy,Los Angeles,Los Angeles County,California,CA,10/25/18,-118.2733861,34.06315091
Pancreas,OneLegacy,Los Angeles,Los Angeles County,California,CA,10/25/18,-118.2733861,34.06315091
Kidney,OneLegacy,Los Angeles,Los Angeles County,California,CA,10/25/18,-118.4454036,34.06589269
Pancreas,OneLegacy,Los Angeles,Los Angeles County,California,CA,10/25/18,-118.4454036,34.06589269
Liver,OneLegacy,Los Angeles,Los Angeles County,California,CA,10/25/18,-118.4454036,34.06589269
Intestine,OneLegacy,Los Angeles,Los Angeles County,California,CA,10/25/18,-118.4454036,34.06589269
Heart,OneLegacy,Los Angeles,Los Angeles County,California,CA,10/25/18,-118.4454036,34.06589269
Lung,OneLegacy,Los Angeles,Los Angeles County,California,CA,10/25/18,-118.4454036,34.06589269
Vascularized Composite Allograft (VCA),OneLegacy,Los Angeles,Los Angeles County,California,CA,10/25/18,-118.4454036,34.06589269
Kidney,OneLegacy,Los Angeles,Los Angeles County,California,CA,10/25/18,-118.2032121,34.0620121
Pancreas,OneLegacy,Los Angeles,Los Angeles County,California,CA,10/25/18,-118.2032121,34.0620121
Liver,OneLegacy,Los Angeles,Los Angeles County,California,CA,10/25/18,-118.2032121,34.0620121
Heart,OneLegacy,Los Angeles,Los Angeles County,California,CA,10/25/18,-118.2032121,34.0620121
Lung,OneLegacy,Los Angeles,Los Angeles County,California,CA,10/25/18,-118.2032121,34.0620121
Kidney,Donor Alliance,Denver,Adams County,Colorado,CO,10/25/18,-104.8366043,39.74113735
Liver,Donor Alliance,Denver,Adams County,Colorado,CO,10/25/18,-104.8366043,39.74113735
Heart,Donor Alliance,Denver,Adams County,Colorado,CO,10/25/18,-104.8366043,39.74113735
Kidney,Donor Alliance,Denver,Denver County,Colorado,CO,10/25/18,-104.9735187,39.67003736
Pancreas,Donor Alliance,Denver,Denver County,Colorado,CO,10/25/18,-104.9735187,39.67003736
Liver,Donor Alliance,Denver,Denver County,Colorado,CO,10/25/18,-104.9735187,39.67003736
Kidney,Donor Alliance,Denver,Denver County,Colorado,CO,10/25/18,-104.9667405,39.74608147
Liver,Donor Alliance,Denver,Denver County,Colorado,CO,10/25/18,-104.9667405,39.74608147
Kidney,Donor Alliance,Denver,Adams County,Colorado,CO,10/25/18,-104.8375451,39.74234061
Pancreas,Donor Alliance,Denver,Adams County,Colorado,CO,10/25/18,-104.8375451,39.74234061
Liver,Donor Alliance,Denver,Adams County,Colorado,CO,10/25/18,-104.8375451,39.74234061
Heart,Donor Alliance,Denver,Adams County,Colorado,CO,10/25/18,-104.8375451,39.74234061
Lung,Donor Alliance,Denver,Adams County,Colorado,CO,10/25/18,-104.8375451,39.74234061
Kidney,LifeChoice Donor Services,Bloomfield,Hartford County,Connecticut,CT,10/25/18,-72.68076342,41.75375286
Liver,LifeChoice Donor Services,Bloomfield,Hartford County,Connecticut,CT,10/25/18,-72.68076342,41.75375286
Heart,LifeChoice Donor Services,Bloomfield,Hartford County,Connecticut,CT,10/25/18,-72.68076342,41.75375286
Kidney,New England Organ Bank,Waltham,New Haven County,Connecticut,CT,10/25/18,-72.93404055,41.30299527
Liver,New England Organ Bank,Waltham,New Haven County,Connecticut,CT,10/25/18,-72.93404055,41.30299527
Heart,New England Organ Bank,Waltham,New Haven County,Connecticut,CT,10/25/18,-72.93404055,41.30299527
Kidney,Washington Regional Transplant Community,Falls Church,District of Columbia,District of Columbia,DC,10/25/18,-77.013756,38.927682
Heart,Washington Regional Transplant Community,Falls Church,District of Columbia,District of Columbia,DC,10/25/18,-77.013756,38.927682
Kidney,Washington Regional Transplant Community,Falls Church,District of Columbia,District of Columbia,DC,10/25/18,-77.07530699,38.912013
Pancreas,Washington Regional Transplant Community,Falls Church,District of Columbia,District of Columbia,DC,10/25/18,-77.07530699,38.912013
Liver,Washington Regional Transplant Community,Falls Church,District of Columbia,District of Columbia,DC,10/25/18,-77.07530699,38.912013
Intestine,Washington Regional Transplant Community,Falls Church,District of Columbia,District of Columbia,DC,10/25/18,-77.07530699,38.912013
Kidney,Washington Regional Transplant Community,Falls Church,District of Columbia,District of Columbia,DC,10/25/18,-77.050341,38.90158199
Heart,Washington Regional Transplant Community,Falls Church,District of Columbia,District of Columbia,DC,10/25/18,-77.01634349,38.92954499
Kidney,Washington Regional Transplant Community,Falls Church,Montgomery County,Maryland,MD,10/25/18,-77.09707095,39.00256144
Kidney,Gift of Life Donor Program,Philadelphia,New Castle County,Delaware,DE,10/25/18,-75.5552542,39.78229142
Pancreas,Gift of Life Donor Program,Philadelphia,New Castle County,Delaware,DE,10/25/18,-75.5552542,39.78229142
Liver,Gift of Life Donor Program,Philadelphia,New Castle County,Delaware,DE,10/25/18,-75.5552542,39.78229142
Intestine,Gift of Life Donor Program,Philadelphia,New Castle County,Delaware,DE,10/25/18,-75.5552542,39.78229142
Heart,Gift of Life Donor Program,Philadelphia,New Castle County,Delaware,DE,10/25/18,-75.5552542,39.78229142
Kidney,Gift of Life Donor Program,Philadelphia,New Castle County,Delaware,DE,10/25/18,-75.67359269,39.68961644
Heart,LifeLink of Florida,Tampa,Pinellas County,Florida,FL,10/25/18,-82.6410015,27.76427748
Liver,Life Alliance Organ Recovery Agency,Miami,Broward County,Florida,FL,10/25/18,-80.14206373,26.10084649
Kidney,Life Alliance Organ Recovery Agency,Miami,Broward County,Florida,FL,10/25/18,-80.3652409,26.0836889
Liver,Life Alliance Organ Recovery Agency,Miami,Broward County,Florida,FL,10/25/18,-80.3652409,26.0836889
Heart,Life Alliance Organ Recovery Agency,Miami,Broward County,Florida,FL,10/25/18,-80.3652409,26.0836889
Kidney,TransLife,Winter Park,Orange County,Florida,FL,10/25/18,-81.37283871,28.57374003
Pancreas,TransLife,Winter Park,Orange County,Florida,FL,10/25/18,-81.37283871,28.57374003
Liver,TransLife,Winter Park,Orange County,Florida,FL,10/25/18,-81.37283871,28.57374003
Heart,TransLife,Winter Park,Orange County,Florida,FL,10/25/18,-81.37283871,28.57374003
Lung,TransLife,Winter Park,Orange County,Florida,FL,10/25/18,-81.37283871,28.57374003
Kidney,LifeLink of Florida,Tampa,Lee County,Florida,FL,10/25/18,-81.85163126,26.54414036
Kidney,TransLife,Winter Park,Volusia County,Florida,FL,10/25/18,-81.05473658,29.19939226
Heart,Life Alliance Organ Recovery Agency,Miami,Broward County,Florida,FL,10/25/18,-80.18002468,26.0182255
Kidney,Life Alliance Organ Recovery Agency,Miami,Miami-Dade County,Florida,FL,10/25/18,-80.21026348,25.79267122
Pancreas,Life Alliance Organ Recovery Agency,Miami,Miami-Dade County,Florida,FL,10/25/18,-80.21026348,25.79267122
Pancreas Islet,Life Alliance Organ Recovery Agency,Miami,Miami-Dade County,Florida,FL,10/25/18,-80.21026348,25.79267122
Liver,Life Alliance Organ Recovery Agency,Miami,Miami-Dade County,Florida,FL,10/25/18,-80.21026348,25.79267122
Intestine,Life Alliance Organ Recovery Agency,Miami,Miami-Dade County,Florida,FL,10/25/18,-80.21026348,25.79267122
Heart,Life Alliance Organ Recovery Agency,Miami,Miami-Dade County,Florida,FL,10/25/18,-80.21026348,25.79267122
Lung,Life Alliance Organ Recovery Agency,Miami,Miami-Dade County,Florida,FL,10/25/18,-80.21026348,25.79267122
Vascularized Composite Allograft (VCA),Life Alliance Organ Recovery Agency,Miami,Miami-Dade County,Florida,FL,10/25/18,-80.21026348,25.79267122
Kidney,LifeLink of Florida,Tampa,Pinellas County,Florida,FL,10/25/18,-82.80270112,27.91446299
Liver,LifeLink of Florida,Tampa,Pinellas County,Florida,FL,10/25/18,-82.80270112,27.91446299
Kidney,Life Alliance Organ Recovery Agency,Miami,Broward County,Florida,FL,10/25/18,-80.18002468,26.0182255
Heart,Life Alliance Organ Recovery Agency,Miami,Broward County,Florida,FL,10/25/18,-80.18002468,26.0182255
Kidney,LifeQuest Organ Recovery Services,Gainesville,Escambia County,Florida,FL,10/25/18,-87.2114984,30.47470085
Kidney,LifeQuest Organ Recovery Services,Gainesville,Duval County,Florida,FL,10/25/18,-81.43757269,30.26393466
Pancreas,LifeQuest Organ Recovery Services,Gainesville,Duval County,Florida,FL,10/25/18,-81.43757269,30.26393466
Liver,LifeQuest Organ Recovery Services,Gainesville,Duval County,Florida,FL,10/25/18,-81.43757269,30.26393466
Heart,LifeQuest Organ Recovery Services,Gainesville,Duval County,Florida,FL,10/25/18,-81.43757269,30.26393466
Lung,LifeQuest Organ Recovery Services,Gainesville,Duval County,Florida,FL,10/25/18,-81.43757269,30.26393466
Kidney,LifeLink of Florida,Tampa,Hillsborough County,Florida,FL,10/25/18,-82.44674999,27.90944
Pancreas,LifeLink of Florida,Tampa,Hillsborough County,Florida,FL,10/25/18,-82.44674999,27.90944
Liver,LifeLink of Florida,Tampa,Hillsborough County,Florida,FL,10/25/18,-82.44674999,27.90944
Heart,LifeLink of Florida,Tampa,Hillsborough County,Florida,FL,10/25/18,-82.44674999,27.90944
Lung,LifeLink of Florida,Tampa,Hillsborough County,Florida,FL,10/25/18,-82.44674999,27.90944
Kidney,LifeQuest Organ Recovery Services,Gainesville,Alachua County,Florida,FL,10/25/18,-82.34339553,29.63926245
Pancreas,LifeQuest Organ Recovery Services,Gainesville,Alachua County,Florida,FL,10/25/18,-82.34339553,29.63926245
Liver,LifeQuest Organ Recovery Services,Gainesville,Alachua County,Florida,FL,10/25/18,-82.34339553,29.63926245
Heart,LifeQuest Organ Recovery Services,Gainesville,Alachua County,Florida,FL,10/25/18,-82.34339553,29.63926245
Lung,LifeQuest Organ Recovery Services,Gainesville,Alachua County,Florida,FL,10/25/18,-82.34339553,29.63926245
Kidney,LifeLink of Georgia,Peachtree Corners,DeKalb County,Georgia,GA,10/25/18,-84.32096841,33.79398299
Liver,LifeLink of Georgia,Peachtree Corners,DeKalb County,Georgia,GA,10/25/18,-84.32096841,33.79398299
Heart,LifeLink of Georgia,Peachtree Corners,DeKalb County,Georgia,GA,10/25/18,-84.32096841,33.79398299
Kidney,LifeLink of Georgia,Peachtree Corners,DeKalb County,Georgia,GA,10/25/18,-84.321017,33.79233694
Pancreas,LifeLink of Georgia,Peachtree Corners,DeKalb County,Georgia,GA,10/25/18,-84.321017,33.79233694
Pancreas Islet,LifeLink of Georgia,Peachtree Corners,DeKalb County,Georgia,GA,10/25/18,-84.321017,33.79233694
Liver,LifeLink of Georgia,Peachtree Corners,DeKalb County,Georgia,GA,10/25/18,-84.321017,33.79233694
Heart,LifeLink of Georgia,Peachtree Corners,DeKalb County,Georgia,GA,10/25/18,-84.321017,33.79233694
Lung,LifeLink of Georgia,Peachtree Corners,DeKalb County,Georgia,GA,10/25/18,-84.321017,33.79233694
Kidney,LifeLink of Georgia,Peachtree Corners,Richmond County,Georgia,GA,10/25/18,-81.99140452,33.47103145
Pancreas,LifeLink of Georgia,Peachtree Corners,Richmond County,Georgia,GA,10/25/18,-81.99140452,33.47103145
Kidney,LifeLink of Georgia,Peachtree Corners,Fulton County,Georgia,GA,10/25/18,-84.39365405,33.80817035
Pancreas,LifeLink of Georgia,Peachtree Corners,Fulton County,Georgia,GA,10/25/18,-84.39365405,33.80817035
Liver,LifeLink of Georgia,Peachtree Corners,Fulton County,Georgia,GA,10/25/18,-84.39365405,33.80817035
Heart,LifeLink of Georgia,Peachtree Corners,Fulton County,Georgia,GA,10/25/18,-84.39365405,33.80817035
Kidney,Legacy of Life Hawaii,Honolulu,Honolulu County,Hawaii,HI,10/25/18,-157.8552152,21.30753677
Pancreas,Legacy of Life Hawaii,Honolulu,Honolulu County,Hawaii,HI,10/25/18,-157.8552152,21.30753677
Liver,Legacy of Life Hawaii,Honolulu,Honolulu County,Hawaii,HI,10/25/18,-157.8552152,21.30753677
Kidney,Iowa Donor Network,North Liberty,Polk County,Iowa,IA,10/25/18,-93.63305999,41.59064518
Kidney,Iowa Donor Network,North Liberty,Johnson County,Iowa,IA,10/25/18,-91.55246622,41.66150129
Pancreas,Iowa Donor Network,North Liberty,Johnson County,Iowa,IA,10/25/18,-91.55246622,41.66150129
Liver,Iowa Donor Network,North Liberty,Johnson County,Iowa,IA,10/25/18,-91.55246622,41.66150129
Heart,Iowa Donor Network,North Liberty,Johnson County,Iowa,IA,10/25/18,-91.55246622,41.66150129
Lung,Iowa Donor Network,North Liberty,Johnson County,Iowa,IA,10/25/18,-91.55246622,41.66150129
Kidney,Iowa Donor Network,North Liberty,Polk County,Iowa,IA,10/25/18,-93.6256239,41.59812817
Pancreas,Iowa Donor Network,North Liberty,Polk County,Iowa,IA,10/25/18,-93.6256239,41.59812817
Kidney,Iowa Donor Network,North Liberty,Johnson County,Iowa,IA,10/25/18,-91.54835379,41.66463858
Kidney,Gift of Hope Organ & Tissue Donor Network,Itasca,Cook County,Illinois,IL,10/25/18,-87.73244266,41.72032763
Heart,Gift of Hope Organ & Tissue Donor Network,Itasca,Cook County,Illinois,IL,10/25/18,-87.73244266,41.72032763
Lung,Gift of Hope Organ & Tissue Donor Network,Itasca,Cook County,Illinois,IL,10/25/18,-87.73244266,41.72032763
Kidney,Gift of Hope Organ & Tissue Donor Network,Itasca,Cook County,Illinois,IL,10/25/18,-87.62169149,41.89675749
Pancreas,Gift of Hope Organ & Tissue Donor Network,Itasca,Cook County,Illinois,IL,10/25/18,-87.62169149,41.89675749
Liver,Gift of Hope Organ & Tissue Donor Network,Itasca,Cook County,Illinois,IL,10/25/18,-87.62169149,41.89675749
Intestine,Gift of Hope Organ & Tissue Donor Network,Itasca,Cook County,Illinois,IL,10/25/18,-87.62169149,41.89675749
Heart,Gift of Hope Organ & Tissue Donor Network,Itasca,Cook County,Illinois,IL,10/25/18,-87.62169149,41.89675749
Kidney,Gift of Hope Organ & Tissue Donor Network,Itasca,Cook County,Illinois,IL,10/25/18,-87.83340436,41.86165868
Pancreas,Gift of Hope Organ & Tissue Donor Network,Itasca,Cook County,Illinois,IL,10/25/18,-87.83340436,41.86165868
Liver,Gift of Hope Organ & Tissue Donor Network,Itasca,Cook County,Illinois,IL,10/25/18,-87.83340436,41.86165868
Heart,Gift of Hope Organ & Tissue Donor Network,Itasca,Cook County,Illinois,IL,10/25/18,-87.83340436,41.86165868
Lung,Gift of Hope Organ & Tissue Donor Network,Itasca,Cook County,Illinois,IL,10/25/18,-87.83340436,41.86165868
Kidney,Gift of Hope Organ & Tissue Donor Network,Itasca,Sangamon County,Illinois,IL,10/25/18,-89.6546772,39.80967125
Vascularized Composite Allograft (VCA),Gift of Hope Organ & Tissue Donor Network,Itasca,Sangamon County,Illinois,IL,10/25/18,-89.6546772,39.80967125
Kidney,Gift of Hope Organ & Tissue Donor Network,Itasca,Cook County,Illinois,IL,10/25/18,-87.6203685,41.89492322
Pancreas,Gift of Hope Organ & Tissue Donor Network,Itasca,Cook County,Illinois,IL,10/25/18,-87.6203685,41.89492322
Pancreas Islet,Gift of Hope Organ & Tissue Donor Network,Itasca,Cook County,Illinois,IL,10/25/18,-87.6203685,41.89492322
Liver,Gift of Hope Organ & Tissue Donor Network,Itasca,Cook County,Illinois,IL,10/25/18,-87.6203685,41.89492322
Intestine,Gift of Hope Organ & Tissue Donor Network,Itasca,Cook County,Illinois,IL,10/25/18,-87.6203685,41.89492322
Heart,Gift of Hope Organ & Tissue Donor Network,Itasca,Cook County,Illinois,IL,10/25/18,-87.6203685,41.89492322
Lung,Gift of Hope Organ & Tissue Donor Network,Itasca,Cook County,Illinois,IL,10/25/18,-87.6203685,41.89492322
Kidney,Gift of Hope Organ & Tissue Donor Network,Itasca,Cook County,Illinois,IL,10/25/18,-87.66798687,41.87506564
Pancreas,Gift of Hope Organ & Tissue Donor Network,Itasca,Cook County,Illinois,IL,10/25/18,-87.66798687,41.87506564
Liver,Gift of Hope Organ & Tissue Donor Network,Itasca,Cook County,Illinois,IL,10/25/18,-87.66798687,41.87506564
Kidney,Gift of Hope Organ & Tissue Donor Network,Itasca,Peoria County,Illinois,IL,10/25/18,-89.59098884,40.70217807
Pancreas,Gift of Hope Organ & Tissue Donor Network,Itasca,Peoria County,Illinois,IL,10/25/18,-89.59098884,40.70217807
Kidney,Gift of Hope Organ & Tissue Donor Network,Itasca,Cook County,Illinois,IL,10/25/18,-87.60490715,41.78933774
Pancreas,Gift of Hope Organ & Tissue Donor Network,Itasca,Cook County,Illinois,IL,10/25/18,-87.60490715,41.78933774
Pancreas Islet,Gift of Hope Organ & Tissue Donor Network,Itasca,Cook County,Illinois,IL,10/25/18,-87.60490715,41.78933774
Liver,Gift of Hope Organ & Tissue Donor Network,Itasca,Cook County,Illinois,IL,10/25/18,-87.60490715,41.78933774
Intestine,Gift of Hope Organ & Tissue Donor Network,Itasca,Cook County,Illinois,IL,10/25/18,-87.60490715,41.78933774
Heart,Gift of Hope Organ & Tissue Donor Network,Itasca,Cook County,Illinois,IL,10/25/18,-87.60490715,41.78933774
Lung,Gift of Hope Organ & Tissue Donor Network,Itasca,Cook County,Illinois,IL,10/25/18,-87.60490715,41.78933774
Vascularized Composite Allograft (VCA),Gift of Hope Organ & Tissue Donor Network,Itasca,Cook County,Illinois,IL,10/25/18,-87.60490715,41.78933774
Kidney,Gift of Hope Organ & Tissue Donor Network,Itasca,Cook County,Illinois,IL,10/25/18,-87.67042745,41.86928006
Pancreas,Gift of Hope Organ & Tissue Donor Network,Itasca,Cook County,Illinois,IL,10/25/18,-87.67042745,41.86928006
Pancreas Islet,Gift of Hope Organ & Tissue Donor Network,Itasca,Cook County,Illinois,IL,10/25/18,-87.67042745,41.86928006
Liver,Gift of Hope Organ & Tissue Donor Network,Itasca,Cook County,Illinois,IL,10/25/18,-87.67042745,41.86928006
Intestine,Gift of Hope Organ & Tissue Donor Network,Itasca,Cook County,Illinois,IL,10/25/18,-87.67042745,41.86928006
Vascularized Composite Allograft (VCA),Gift of Hope Organ & Tissue Donor Network,Itasca,Cook County,Illinois,IL,10/25/18,-87.67042745,41.86928006
Kidney,Indiana Donor Network,Indianapolis,Marion County,Indiana,IN,10/25/18,-86.16480299,39.795012
Pancreas,Indiana Donor Network,Indianapolis,Marion County,Indiana,IN,10/25/18,-86.16480299,39.795012
Liver,Indiana Donor Network,Indianapolis,Marion County,Indiana,IN,10/25/18,-86.16480299,39.795012
Intestine,Indiana Donor Network,Indianapolis,Marion County,Indiana,IN,10/25/18,-86.16480299,39.795012
Heart,Indiana Donor Network,Indianapolis,Marion County,Indiana,IN,10/25/18,-86.16480299,39.795012
Lung,Indiana Donor Network,Indianapolis,Marion County,Indiana,IN,10/25/18,-86.16480299,39.795012
Kidney,Indiana Donor Network,Indianapolis,Allen County,Indiana,IN,10/25/18,-85.24501585,41.03803329
Heart,Indiana Donor Network,Indianapolis,Allen County,Indiana,IN,10/25/18,-85.24501585,41.03803329
Kidney,Indiana Donor Network,Indianapolis,Marion County,Indiana,IN,10/25/18,-86.19392829,39.908799
Pancreas,Indiana Donor Network,Indianapolis,Marion County,Indiana,IN,10/25/18,-86.19392829,39.908799
Heart,Indiana Donor Network,Indianapolis,Marion County,Indiana,IN,10/25/18,-86.19392829,39.908799
Kidney,Midwest Transplant Network,Westwood,Wyandotte County,Kansas,KS,10/25/18,-94.6117781,39.05725793
Pancreas,Midwest Transplant Network,Westwood,Wyandotte County,Kansas,KS,10/25/18,-94.6117781,39.05725793
Liver,Midwest Transplant Network,Westwood,Wyandotte County,Kansas,KS,10/25/18,-94.6117781,39.05725793
Heart,Midwest Transplant Network,Westwood,Wyandotte County,Kansas,KS,10/25/18,-94.6117781,39.05725793
Kidney,Kentucky Organ Donor Affiliates,Louisville,Jefferson County,Kentucky,KY,10/25/18,-85.75121628,38.24932463
Pancreas,Kentucky Organ Donor Affiliates,Louisville,Jefferson County,Kentucky,KY,10/25/18,-85.75121628,38.24932463
Liver,Kentucky Organ Donor Affiliates,Louisville,Jefferson County,Kentucky,KY,10/25/18,-85.75121628,38.24932463
Heart,Kentucky Organ Donor Affiliates,Louisville,Jefferson County,Kentucky,KY,10/25/18,-85.75121628,38.24932463
Lung,Kentucky Organ Donor Affiliates,Louisville,Jefferson County,Kentucky,KY,10/25/18,-85.75121628,38.24932463
Vascularized Composite Allograft (VCA),Kentucky Organ Donor Affiliates,Louisville,Jefferson County,Kentucky,KY,10/25/18,-85.75121628,38.24932463
Kidney,Kentucky Organ Donor Affiliates,Louisville,Jefferson County,Kentucky,KY,10/25/18,-85.74981997,38.24808238
Heart,Kentucky Organ Donor Affiliates,Louisville,Jefferson County,Kentucky,KY,10/25/18,-85.74981997,38.24808238
Kidney,Kentucky Organ Donor Affiliates,Louisville,Fayette County,Kentucky,KY,10/25/18,-84.50856108,38.03415866
Pancreas,Kentucky Organ Donor Affiliates,Louisville,Fayette County,Kentucky,KY,10/25/18,-84.50856108,38.03415866
Liver,Kentucky Organ Donor Affiliates,Louisville,Fayette County,Kentucky,KY,10/25/18,-84.50856108,38.03415866
Heart,Kentucky Organ Donor Affiliates,Louisville,Fayette County,Kentucky,KY,10/25/18,-84.50856108,38.03415866
Lung,Kentucky Organ Donor Affiliates,Louisville,Fayette County,Kentucky,KY,10/25/18,-84.50856108,38.03415866
Kidney,Louisiana Organ Procurement Agency,Metairie,Orleans Parish,Louisiana,LA,10/25/18,-90.12704903,29.91765984
Kidney,Louisiana Organ Procurement Agency,Metairie,Jefferson Parish,Louisiana,LA,10/25/18,-90.14475604,29.96267071
Pancreas,Louisiana Organ Procurement Agency,Metairie,Jefferson Parish,Louisiana,LA,10/25/18,-90.14475604,29.96267071
Liver,Louisiana Organ Procurement Agency,Metairie,Jefferson Parish,Louisiana,LA,10/25/18,-90.14475604,29.96267071
Heart,Louisiana Organ Procurement Agency,Metairie,Jefferson Parish,Louisiana,LA,10/25/18,-90.14475604,29.96267071
Lung,Louisiana Organ Procurement Agency,Metairie,Jefferson Parish,Louisiana,LA,10/25/18,-90.14475604,29.96267071
Kidney,Louisiana Organ Procurement Agency,Metairie,Orleans Parish,Louisiana,LA,10/25/18,-90.07663177,29.95535327
Pancreas,Louisiana Organ Procurement Agency,Metairie,Orleans Parish,Louisiana,LA,10/25/18,-90.07663177,29.95535327
Liver,Louisiana Organ Procurement Agency,Metairie,Orleans Parish,Louisiana,LA,10/25/18,-90.07663177,29.95535327
Kidney,Louisiana Organ Procurement Agency,Metairie,Caddo Parish,Louisiana,LA,10/25/18,-93.77874106,32.48400395
Pancreas,Louisiana Organ Procurement Agency,Metairie,Caddo Parish,Louisiana,LA,10/25/18,-93.77874106,32.48400395
Liver,Louisiana Organ Procurement Agency,Metairie,Caddo Parish,Louisiana,LA,10/25/18,-93.77874106,32.48400395
Kidney,New England Organ Bank,Waltham,Suffolk County,Massachusetts,MA,10/25/18,-71.10501174,42.34099616
Pancreas,New England Organ Bank,Waltham,Suffolk County,Massachusetts,MA,10/25/18,-71.10501174,42.34099616
Liver,New England Organ Bank,Waltham,Suffolk County,Massachusetts,MA,10/25/18,-71.10501174,42.34099616
Kidney,LifeChoice Donor Services,Bloomfield,Hampden County,Massachusetts,MA,10/25/18,-72.60479068,42.11985439
Kidney,New England Organ Bank,Waltham,Suffolk County,Massachusetts,MA,10/25/18,-71.0712098,42.33695648
Kidney,New England Organ Bank,Waltham,Suffolk County,Massachusetts,MA,10/25/18,-71.10478225,42.33761049
Pancreas,New England Organ Bank,Waltham,Suffolk County,Massachusetts,MA,10/25/18,-71.10478225,42.33761049
Liver,New England Organ Bank,Waltham,Suffolk County,Massachusetts,MA,10/25/18,-71.10478225,42.33761049
Intestine,New England Organ Bank,Waltham,Suffolk County,Massachusetts,MA,10/25/18,-71.10478225,42.33761049
Heart,New England Organ Bank,Waltham,Suffolk County,Massachusetts,MA,10/25/18,-71.10478225,42.33761049
Lung,New England Organ Bank,Waltham,Suffolk County,Massachusetts,MA,10/25/18,-71.10478225,42.33761049
Vascularized Composite Allograft (VCA),New England Organ Bank,Waltham,Suffolk County,Massachusetts,MA,10/25/18,-71.10478225,42.33761049
Kidney,New England Organ Bank,Waltham,Middlesex County,Massachusetts,MA,10/25/18,-71.20599229,42.48641624
Liver,New England Organ Bank,Waltham,Middlesex County,Massachusetts,MA,10/25/18,-71.20599229,42.48641624
Kidney,New England Organ Bank,Waltham,Suffolk County,Massachusetts,MA,10/25/18,-71.069292,42.36248784
Pancreas,New England Organ Bank,Waltham,Suffolk County,Massachusetts,MA,10/25/18,-71.069292,42.36248784
Pancreas Islet,New England Organ Bank,Waltham,Suffolk County,Massachusetts,MA,10/25/18,-71.069292,42.36248784
Liver,New England Organ Bank,Waltham,Suffolk County,Massachusetts,MA,10/25/18,-71.069292,42.36248784
Intestine,New England Organ Bank,Waltham,Suffolk County,Massachusetts,MA,10/25/18,-71.069292,42.36248784
Heart,New England Organ Bank,Waltham,Suffolk County,Massachusetts,MA,10/25/18,-71.069292,42.36248784
Lung,New England Organ Bank,Waltham,Suffolk County,Massachusetts,MA,10/25/18,-71.069292,42.36248784
Vascularized Composite Allograft (VCA),New England Organ Bank,Waltham,Suffolk County,Massachusetts,MA,10/25/18,-71.069292,42.36248784
Kidney,New England Organ Bank,Waltham,Suffolk County,Massachusetts,MA,10/25/18,-71.0633177,42.35025107
Heart,New England Organ Bank,Waltham,Suffolk County,Massachusetts,MA,10/25/18,-71.0633177,42.35025107
Kidney,New England Organ Bank,Waltham,Suffolk County,Massachusetts,MA,10/25/18,-71.10763672,42.33598252
Pancreas,New England Organ Bank,Waltham,Suffolk County,Massachusetts,MA,10/25/18,-71.10763672,42.33598252
Heart,New England Organ Bank,Waltham,Suffolk County,Massachusetts,MA,10/25/18,-71.10763672,42.33598252
Lung,New England Organ Bank,Waltham,Suffolk County,Massachusetts,MA,10/25/18,-71.10763672,42.33598252
Vascularized Composite Allograft (VCA),New England Organ Bank,Waltham,Suffolk County,Massachusetts,MA,10/25/18,-71.10763672,42.33598252
Kidney,New England Organ Bank,Waltham,Worcester County,Massachusetts,MA,10/25/18,-71.75908375,42.27865004
Pancreas,New England Organ Bank,Waltham,Worcester County,Massachusetts,MA,10/25/18,-71.75908375,42.27865004
Liver,New England Organ Bank,Waltham,Worcester County,Massachusetts,MA,10/25/18,-71.75908375,42.27865004
Kidney,The Living Legacy Foundation of Maryland,Baltimore,Baltimore City,Maryland,MD,10/25/18,-76.59085538,39.29740971
Pancreas,The Living Legacy Foundation of Maryland,Baltimore,Baltimore City,Maryland,MD,10/25/18,-76.59085538,39.29740971
Liver,The Living Legacy Foundation of Maryland,Baltimore,Baltimore City,Maryland,MD,10/25/18,-76.59085538,39.29740971
Heart,The Living Legacy Foundation of Maryland,Baltimore,Baltimore City,Maryland,MD,10/25/18,-76.59085538,39.29740971
Lung,The Living Legacy Foundation of Maryland,Baltimore,Baltimore City,Maryland,MD,10/25/18,-76.59085538,39.29740971
Vascularized Composite Allograft (VCA),The Living Legacy Foundation of Maryland,Baltimore,Baltimore City,Maryland,MD,10/25/18,-76.59085538,39.29740971
Kidney,The Living Legacy Foundation of Maryland,Baltimore,Baltimore City,Maryland,MD,10/25/18,-76.62365936,39.28819688
Pancreas,The Living Legacy Foundation of Maryland,Baltimore,Baltimore City,Maryland,MD,10/25/18,-76.62365936,39.28819688
Liver,The Living Legacy Foundation of Maryland,Baltimore,Baltimore City,Maryland,MD,10/25/18,-76.62365936,39.28819688
Heart,The Living Legacy Foundation of Maryland,Baltimore,Baltimore City,Maryland,MD,10/25/18,-76.62365936,39.28819688
Lung,The Living Legacy Foundation of Maryland,Baltimore,Baltimore City,Maryland,MD,10/25/18,-76.62365936,39.28819688
Vascularized Composite Allograft (VCA),The Living Legacy Foundation of Maryland,Baltimore,Baltimore City,Maryland,MD,10/25/18,-76.62365936,39.28819688
Kidney,New England Organ Bank,Waltham,Cumberland County,Maine,ME,10/25/18,-70.27465997,43.65259921
Kidney,Gift of Life Michigan,Ann Arbor,Oakland County,Michigan,MI,10/25/18,-83.191442,42.51772452
Liver,Gift of Life Michigan,Ann Arbor,Oakland County,Michigan,MI,10/25/18,-83.191442,42.51772452
Kidney,Gift of Life Michigan,Ann Arbor,Wayne County,Michigan,MI,10/25/18,-83.05380908,42.35182919
Liver,Gift of Life Michigan,Ann Arbor,Wayne County,Michigan,MI,10/25/18,-83.05380908,42.35182919
Heart,Gift of Life Michigan,Ann Arbor,Wayne County,Michigan,MI,10/25/18,-83.05380908,42.35182919
Kidney,Gift of Life Michigan,Ann Arbor,Kent County,Michigan,MI,10/25/18,-85.6664534,42.9704039
Kidney,Gift of Life Michigan,Ann Arbor,Wayne County,Michigan,MI,10/25/18,-83.0845621,42.36618433
Pancreas,Gift of Life Michigan,Ann Arbor,Wayne County,Michigan,MI,10/25/18,-83.0845621,42.36618433
Liver,Gift of Life Michigan,Ann Arbor,Wayne County,Michigan,MI,10/25/18,-83.0845621,42.36618433
Intestine,Gift of Life Michigan,Ann Arbor,Wayne County,Michigan,MI,10/25/18,-83.0845621,42.36618433
Heart,Gift of Life Michigan,Ann Arbor,Wayne County,Michigan,MI,10/25/18,-83.0845621,42.36618433
Lung,Gift of Life Michigan,Ann Arbor,Wayne County,Michigan,MI,10/25/18,-83.0845621,42.36618433
Kidney,Gift of Life Michigan,Ann Arbor,Wayne County,Michigan,MI,10/25/18,-83.05697613,42.35006629
Heart,Gift of Life Michigan,Ann Arbor,Kent County,Michigan,MI,10/25/18,-85.6664534,42.9704039
Lung,Gift of Life Michigan,Ann Arbor,Kent County,Michigan,MI,10/25/18,-85.6664534,42.9704039
Kidney,Gift of Life Michigan,Ann Arbor,Wayne County,Michigan,MI,10/25/18,-82.91491056,42.41898926
Kidney,Gift of Life Michigan,Ann Arbor,Kent County,Michigan,MI,10/25/18,-85.6640541,42.95858831
Kidney,Gift of Life Michigan,Ann Arbor,Washtenaw County,Michigan,MI,10/25/18,-83.72767862,42.28470958
Pancreas,Gift of Life Michigan,Ann Arbor,Washtenaw County,Michigan,MI,10/25/18,-83.72767862,42.28470958
Liver,Gift of Life Michigan,Ann Arbor,Washtenaw County,Michigan,MI,10/25/18,-83.72767862,42.28470958
Heart,Gift of Life Michigan,Ann Arbor,Washtenaw County,Michigan,MI,10/25/18,-83.72767862,42.28470958
Lung,Gift of Life Michigan,Ann Arbor,Washtenaw County,Michigan,MI,10/25/18,-83.72767862,42.28470958
Vascularized Composite Allograft (VCA),Gift of Life Michigan,Ann Arbor,Washtenaw County,Michigan,MI,10/25/18,-83.72767862,42.28470958
Kidney,LifeSource Upper Midwest Organ Procurement Organization,Minneapolis,Hennepin County,Minnesota,MN,10/25/18,-93.26170252,44.95374246
Heart,LifeSource Upper Midwest Organ Procurement Organization,Minneapolis,Hennepin County,Minnesota,MN,10/25/18,-93.26170252,44.95374246
Kidney,LifeSource Upper Midwest Organ Procurement Organization,Minneapolis,Hennepin County,Minnesota,MN,10/25/18,-93.26280668,44.97262053
Kidney,LifeSource Upper Midwest Organ Procurement Organization,Minneapolis,Olmsted County,Minnesota,MN,10/25/18,-92.46589369,44.02348951
Pancreas,LifeSource Upper Midwest Organ Procurement Organization,Minneapolis,Olmsted County,Minnesota,MN,10/25/18,-92.46589369,44.02348951
Liver,LifeSource Upper Midwest Organ Procurement Organization,Minneapolis,Olmsted County,Minnesota,MN,10/25/18,-92.46589369,44.02348951
Kidney,LifeSource Upper Midwest Organ Procurement Organization,Minneapolis,Olmsted County,Minnesota,MN,10/25/18,-92.48209199,44.02161152
Liver,LifeSource Upper Midwest Organ Procurement Organization,Minneapolis,Olmsted County,Minnesota,MN,10/25/18,-92.48209199,44.02161152
Heart,LifeSource Upper Midwest Organ Procurement Organization,Minneapolis,Olmsted County,Minnesota,MN,10/25/18,-92.48209199,44.02161152
Lung,LifeSource Upper Midwest Organ Procurement Organization,Minneapolis,Olmsted County,Minnesota,MN,10/25/18,-92.48209199,44.02161152
Vascularized Composite Allograft (VCA),LifeSource Upper Midwest Organ Procurement Organization,Minneapolis,Olmsted County,Minnesota,MN,10/25/18,-92.48209199,44.02161152
Kidney,LifeSource Upper Midwest Organ Procurement Organization,Minneapolis,Hennepin County,Minnesota,MN,10/25/18,-93.23030249,44.970336
Pancreas,LifeSource Upper Midwest Organ Procurement Organization,Minneapolis,Hennepin County,Minnesota,MN,10/25/18,-93.23030249,44.970336
Pancreas Islet,LifeSource Upper Midwest Organ Procurement Organization,Minneapolis,Hennepin County,Minnesota,MN,10/25/18,-93.23030249,44.970336
Liver,LifeSource Upper Midwest Organ Procurement Organization,Minneapolis,Hennepin County,Minnesota,MN,10/25/18,-93.23030249,44.970336
Intestine,LifeSource Upper Midwest Organ Procurement Organization,Minneapolis,Hennepin County,Minnesota,MN,10/25/18,-93.23030249,44.970336
Heart,LifeSource Upper Midwest Organ Procurement Organization,Minneapolis,Hennepin County,Minnesota,MN,10/25/18,-93.23030249,44.970336
Lung,LifeSource Upper Midwest Organ Procurement Organization,Minneapolis,Hennepin County,Minnesota,MN,10/25/18,-93.23030249,44.970336
Kidney,Mid-America Transplant Services,Saint Louis,St. Louis City,Missouri,MO,10/25/18,-90.26326614,38.63483861
Pancreas,Mid-America Transplant Services,Saint Louis,St. Louis City,Missouri,MO,10/25/18,-90.26326614,38.63483861
Liver,Mid-America Transplant Services,Saint Louis,St. Louis City,Missouri,MO,10/25/18,-90.26326614,38.63483861
Intestine,Mid-America Transplant Services,Saint Louis,St. Louis City,Missouri,MO,10/25/18,-90.26326614,38.63483861
Heart,Mid-America Transplant Services,Saint Louis,St. Louis City,Missouri,MO,10/25/18,-90.26326614,38.63483861
Lung,Mid-America Transplant Services,Saint Louis,St. Louis City,Missouri,MO,10/25/18,-90.26326614,38.63483861
Kidney,Mid-America Transplant Services,Saint Louis,St. Louis City,Missouri,MO,10/25/18,-90.23847316,38.62143407
Liver,Mid-America Transplant Services,Saint Louis,St. Louis City,Missouri,MO,10/25/18,-90.23847316,38.62143407
Heart,Mid-America Transplant Services,Saint Louis,St. Louis City,Missouri,MO,10/25/18,-90.23847316,38.62143407
Kidney,Mid-America Transplant Services,Saint Louis,St. Louis City,Missouri,MO,10/25/18,-90.26495701,38.6372844
Liver,Mid-America Transplant Services,Saint Louis,St. Louis City,Missouri,MO,10/25/18,-90.26495701,38.6372844
Heart,Mid-America Transplant Services,Saint Louis,St. Louis City,Missouri,MO,10/25/18,-90.26495701,38.6372844
Lung,Mid-America Transplant Services,Saint Louis,St. Louis City,Missouri,MO,10/25/18,-90.26495701,38.6372844
Kidney,Midwest Transplant Network,Westwood,Jackson County,Missouri,MO,10/25/18,-94.57883761,39.08345329
Liver,Midwest Transplant Network,Westwood,Jackson County,Missouri,MO,10/25/18,-94.57883761,39.08345329
Intestine,Midwest Transplant Network,Westwood,Jackson County,Missouri,MO,10/25/18,-94.57883761,39.08345329
Heart,Midwest Transplant Network,Westwood,Jackson County,Missouri,MO,10/25/18,-94.57883761,39.08345329
Kidney,Midwest Transplant Network,Westwood,Jackson County,Missouri,MO,10/25/18,-94.59011081,39.04593693
Liver,Midwest Transplant Network,Westwood,Jackson County,Missouri,MO,10/25/18,-94.59011081,39.04593693
Heart,Midwest Transplant Network,Westwood,Jackson County,Missouri,MO,10/25/18,-94.59011081,39.04593693
Kidney,Midwest Transplant Network,Westwood,Jackson County,Missouri,MO,10/25/18,-94.55966554,39.00719855
Pancreas,Midwest Transplant Network,Westwood,Jackson County,Missouri,MO,10/25/18,-94.55966554,39.00719855
Kidney,Mid-America Transplant Services,Saint Louis,St. Louis City,Missouri,MO,10/25/18,-90.23817149,38.622258
Pancreas,Mid-America Transplant Services,Saint Louis,St. Louis City,Missouri,MO,10/25/18,-90.23817149,38.622258
Liver,Mid-America Transplant Services,Saint Louis,St. Louis City,Missouri,MO,10/25/18,-90.23817149,38.622258
Kidney,Midwest Transplant Network,Westwood,Boone County,Missouri,MO,10/25/18,-92.327475,38.93808748
Kidney,Mississippi Organ Recovery Agency,Flowood,Hinds County,Mississippi,MS,10/25/18,-90.1755515,32.32871147
Pancreas,Mississippi Organ Recovery Agency,Flowood,Hinds County,Mississippi,MS,10/25/18,-90.1755515,32.32871147
Liver,Mississippi Organ Recovery Agency,Flowood,Hinds County,Mississippi,MS,10/25/18,-90.1755515,32.32871147
Heart,Mississippi Organ Recovery Agency,Flowood,Hinds County,Mississippi,MS,10/25/18,-90.1755515,32.32871147
Kidney,Carolina Donor Services,Greenville,Forsyth County,North Carolina,NC,10/25/18,-80.27134544,36.08953991
Pancreas,Carolina Donor Services,Greenville,Forsyth County,North Carolina,NC,10/25/18,-80.27134544,36.08953991
Heart,Carolina Donor Services,Greenville,Forsyth County,North Carolina,NC,10/25/18,-80.27134544,36.08953991
Vascularized Composite Allograft (VCA),Carolina Donor Services,Greenville,Forsyth County,North Carolina,NC,10/25/18,-80.27134544,36.08953991
Kidney,LifeShare of the Carolinas,Charlotte,Mecklenburg County,North Carolina,NC,10/25/18,-80.83873608,35.20466068
Pancreas,LifeShare of the Carolinas,Charlotte,Mecklenburg County,North Carolina,NC,10/25/18,-80.83873608,35.20466068
Liver,LifeShare of the Carolinas,Charlotte,Mecklenburg County,North Carolina,NC,10/25/18,-80.83873608,35.20466068
Heart,LifeShare of the Carolinas,Charlotte,Mecklenburg County,North Carolina,NC,10/25/18,-80.83873608,35.20466068
Kidney,Carolina Donor Services,Greenville,Durham County,North Carolina,NC,10/25/18,-78.9373571,36.00809849
Pancreas,Carolina Donor Services,Greenville,Durham County,North Carolina,NC,10/25/18,-78.9373571,36.00809849
Liver,Carolina Donor Services,Greenville,Durham County,North Carolina,NC,10/25/18,-78.9373571,36.00809849
Intestine,Carolina Donor Services,Greenville,Durham County,North Carolina,NC,10/25/18,-78.9373571,36.00809849
Heart,Carolina Donor Services,Greenville,Durham County,North Carolina,NC,10/25/18,-78.9373571,36.00809849
Lung,Carolina Donor Services,Greenville,Durham County,North Carolina,NC,10/25/18,-78.9373571,36.00809849
Vascularized Composite Allograft (VCA),Carolina Donor Services,Greenville,Durham County,North Carolina,NC,10/25/18,-78.9373571,36.00809849
Kidney,Carolina Donor Services,Greenville,Pitt County,North Carolina,NC,10/25/18,-77.40430601,35.60548137
Pancreas,Carolina Donor Services,Greenville,Pitt County,North Carolina,NC,10/25/18,-77.40430601,35.60548137
Kidney,Carolina Donor Services,Greenville,Orange County,North Carolina,NC,10/25/18,-79.05199423,35.90357667
Pancreas,Carolina Donor Services,Greenville,Orange County,North Carolina,NC,10/25/18,-79.05199423,35.90357667
Liver,Carolina Donor Services,Greenville,Orange County,North Carolina,NC,10/25/18,-79.05199423,35.90357667
Intestine,Carolina Donor Services,Greenville,Orange County,North Carolina,NC,10/25/18,-79.05199423,35.90357667
Heart,Carolina Donor Services,Greenville,Orange County,North Carolina,NC,10/25/18,-79.05199423,35.90357667
Lung,Carolina Donor Services,Greenville,Orange County,North Carolina,NC,10/25/18,-79.05199423,35.90357667
Kidney,LifeSource Upper Midwest Organ Procurement Organization,Minneapolis,Burleigh County,North Dakota,ND,10/25/18,-100.7815901,46.80811008
Kidney,LifeSource Upper Midwest Organ Procurement Organization,Minneapolis,Cass County,North Dakota,ND,10/25/18,-96.78767519,46.8847203
Heart,Nebraska Organ Recovery System,Omaha,Douglas County,Nebraska,NE,10/25/18,-96.04022438,41.25972899
Kidney,Nebraska Organ Recovery System,Omaha,Douglas County,Nebraska,NE,10/25/18,-95.97653999,41.25646
Pancreas,Nebraska Organ Recovery System,Omaha,Douglas County,Nebraska,NE,10/25/18,-95.97653999,41.25646
Liver,Nebraska Organ Recovery System,Omaha,Douglas County,Nebraska,NE,10/25/18,-95.97653999,41.25646
Intestine,Nebraska Organ Recovery System,Omaha,Douglas County,Nebraska,NE,10/25/18,-95.97653999,41.25646
Heart,Nebraska Organ Recovery System,Omaha,Douglas County,Nebraska,NE,10/25/18,-95.97653999,41.25646
Lung,Nebraska Organ Recovery System,Omaha,Douglas County,Nebraska,NE,10/25/18,-95.97653999,41.25646
Vascularized Composite Allograft (VCA),Nebraska Organ Recovery System,Omaha,Douglas County,Nebraska,NE,10/25/18,-95.97653999,41.25646
Kidney,New England Organ Bank,Waltham,Grafton County,New Hampshire,NH,10/25/18,-72.2727674,43.67760588
Kidney,New Jersey Organ and Tissue Sharing Network OPO,New Providence,Essex County,New Jersey,NJ,10/25/18,-74.21352726,40.70997856
Heart,New Jersey Organ and Tissue Sharing Network OPO,New Providence,Essex County,New Jersey,NJ,10/25/18,-74.21352726,40.70997856
Lung,New Jersey Organ and Tissue Sharing Network OPO,New Providence,Essex County,New Jersey,NJ,10/25/18,-74.21352726,40.70997856
Kidney,New Jersey Organ and Tissue Sharing Network OPO,New Providence,Bergen County,New Jersey,NJ,10/25/18,-74.05793337,40.88402423
Pancreas,New Jersey Organ and Tissue Sharing Network OPO,New Providence,Bergen County,New Jersey,NJ,10/25/18,-74.05793337,40.88402423
Kidney,Gift of Life Donor Program,Philadelphia,Camden County,New Jersey,NJ,10/25/18,-75.09530298,39.92675719
Pancreas,Gift of Life Donor Program,Philadelphia,Camden County,New Jersey,NJ,10/25/18,-75.09530298,39.92675719
Liver,Gift of Life Donor Program,Philadelphia,Camden County,New Jersey,NJ,10/25/18,-75.09530298,39.92675719
Heart,New Jersey Organ and Tissue Sharing Network OPO,New Providence,Middlesex County,New Jersey,NJ,10/25/18,-74.45062173,40.49569327
Kidney,New Jersey Organ and Tissue Sharing Network OPO,New Providence,Essex County,New Jersey,NJ,10/25/18,-74.30263593,40.76345718
Pancreas,New Jersey Organ and Tissue Sharing Network OPO,New Providence,Essex County,New Jersey,NJ,10/25/18,-74.30263593,40.76345718
Liver,New Jersey Organ and Tissue Sharing Network OPO,New Providence,Essex County,New Jersey,NJ,10/25/18,-74.19245286,40.74018834
Kidney,New Mexico Donor Services,Albuquerque,Bernalillo County,New Mexico,NM,10/25/18,-106.6174939,35.08756051
Kidney,New Mexico Donor Services,Albuquerque,Bernalillo County,New Mexico,NM,10/25/18,-106.6345952,35.08226466
Pancreas,New Mexico Donor Services,Albuquerque,Bernalillo County,New Mexico,NM,10/25/18,-106.6345952,35.08226466
Kidney,Nevada Donor Network,Las Vegas,Clark County,Nevada,NV,10/25/18,-115.1674458,36.1590198
Kidney,Center for Donation and Transplant,Albany,Albany County,New York,NY,10/25/18,-73.77397656,42.65326815
Pancreas,Center for Donation and Transplant,Albany,Albany County,New York,NY,10/25/18,-73.77397656,42.65326815
Kidney,LiveOnNY,New York,Queens County,New York,NY,10/25/18,-73.70749534,40.75277698
Kidney,LiveOnNY,New York,New York County,New York,NY,10/25/18,-73.94044205,40.84128075
Pancreas,LiveOnNY,New York,New York County,New York,NY,10/25/18,-73.94044205,40.84128075
Liver,LiveOnNY,New York,New York County,New York,NY,10/25/18,-73.94044205,40.84128075
Intestine,LiveOnNY,New York,New York County,New York,NY,10/25/18,-73.94044205,40.84128075
Heart,LiveOnNY,New York,New York County,New York,NY,10/25/18,-73.94044205,40.84128075
Lung,LiveOnNY,New York,New York County,New York,NY,10/25/18,-73.94044205,40.84128075
Kidney,LiveOnNY,New York,Kings County,New York,NY,10/25/18,-73.94510849,40.65566852
Kidney,Upstate New York Transplant Services Inc,Buffalo,Erie County,New York,NY,10/25/18,-78.82925734,42.92726734
Pancreas,Upstate New York Transplant Services Inc,Buffalo,Erie County,New York,NY,10/25/18,-78.82925734,42.92726734
Kidney,Finger Lakes Donor Recovery Network,Rochester,Monroe County,New York,NY,10/25/18,-77.62359828,43.12432644
Pancreas,Finger Lakes Donor Recovery Network,Rochester,Monroe County,New York,NY,10/25/18,-77.62359828,43.12432644
Liver,Finger Lakes Donor Recovery Network,Rochester,Monroe County,New York,NY,10/25/18,-77.62359828,43.12432644
Heart,Finger Lakes Donor Recovery Network,Rochester,Monroe County,New York,NY,10/25/18,-77.62359828,43.12432644
Kidney,LiveOnNY,New York,Bronx County,New York,NY,10/25/18,-73.8802861,40.87986317
Pancreas,LiveOnNY,New York,Bronx County,New York,NY,10/25/18,-73.8802861,40.87986317
Liver,LiveOnNY,New York,Bronx County,New York,NY,10/25/18,-73.8802861,40.87986317
Heart,LiveOnNY,New York,Bronx County,New York,NY,10/25/18,-73.8802861,40.87986317
Lung,LiveOnNY,New York,Bronx County,New York,NY,10/25/18,-73.8802861,40.87986317
Kidney,LiveOnNY,New York,New York County,New York,NY,10/25/18,-73.95446195,40.78907921
Pancreas,LiveOnNY,New York,New York County,New York,NY,10/25/18,-73.95446195,40.78907921
Liver,LiveOnNY,New York,New York County,New York,NY,10/25/18,-73.95446195,40.78907921
Intestine,LiveOnNY,New York,New York County,New York,NY,10/25/18,-73.95446195,40.78907921
Heart,LiveOnNY,New York,New York County,New York,NY,10/25/18,-73.95446195,40.78907921
Vascularized Composite Allograft (VCA),LiveOnNY,New York,New York County,New York,NY,10/25/18,-73.95446195,40.78907921
Kidney,LiveOnNY,New York,Nassau County,New York,NY,10/25/18,-73.68906801,40.7939707
Heart,LiveOnNY,New York,Nassau County,New York,NY,10/25/18,-73.68906801,40.7939707
Kidney,LiveOnNY,New York,New York County,New York,NY,10/25/18,-73.95529505,40.76422987
Pancreas,LiveOnNY,New York,New York County,New York,NY,10/25/18,-73.95529505,40.76422987
Pancreas Islet,LiveOnNY,New York,New York County,New York,NY,10/25/18,-73.95529505,40.76422987
Liver,LiveOnNY,New York,New York County,New York,NY,10/25/18,-73.95529505,40.76422987
Kidney,LiveOnNY,New York,Suffolk County,New York,NY,10/25/18,-73.11223451,40.90899896
Kidney,LiveOnNY,New York,New York County,New York,NY,10/25/18,-73.97450676,40.74237896
Liver,LiveOnNY,New York,New York County,New York,NY,10/25/18,-73.97450676,40.74237896
Heart,LiveOnNY,New York,New York County,New York,NY,10/25/18,-73.97450676,40.74237896
Lung,LiveOnNY,New York,New York County,New York,NY,10/25/18,-73.97450676,40.74237896
Vascularized Composite Allograft (VCA),LiveOnNY,New York,New York County,New York,NY,10/25/18,-73.97450676,40.74237896
Kidney,Finger Lakes Donor Recovery Network,Rochester,Onondaga County,New York,NY,10/25/18,-76.14026172,43.04266146
Pancreas,Finger Lakes Donor Recovery Network,Rochester,Onondaga County,New York,NY,10/25/18,-76.14026172,43.04266146
Kidney,LiveOnNY,New York,Bronx County,New York,NY,10/25/18,-73.90313305,40.86903513
Kidney,LiveOnNY,New York,Westchester County,New York,NY,10/25/18,-73.80396903,41.08770647
Pancreas,LiveOnNY,New York,Westchester County,New York,NY,10/25/18,-73.80396903,41.08770647
Liver,LiveOnNY,New York,Westchester County,New York,NY,10/25/18,-73.80396903,41.08770647
Heart,LiveOnNY,New York,Westchester County,New York,NY,10/25/18,-73.80396903,41.08770647
Kidney,Lifebanc,Cleveland,Cuyahoga County,Ohio,OH,10/25/18,-81.62243159,41.50342048
Pancreas,Lifebanc,Cleveland,Cuyahoga County,Ohio,OH,10/25/18,-81.62243159,41.50342048
Liver,Lifebanc,Cleveland,Cuyahoga County,Ohio,OH,10/25/18,-81.62243159,41.50342048
Intestine,Lifebanc,Cleveland,Cuyahoga County,Ohio,OH,10/25/18,-81.62243159,41.50342048
Heart,Lifebanc,Cleveland,Cuyahoga County,Ohio,OH,10/25/18,-81.62243159,41.50342048
Lung,Lifebanc,Cleveland,Cuyahoga County,Ohio,OH,10/25/18,-81.62243159,41.50342048
Vascularized Composite Allograft (VCA),Lifebanc,Cleveland,Cuyahoga County,Ohio,OH,10/25/18,-81.62243159,41.50342048
Kidney,Lifeline of Ohio,Columbus,Franklin County,Ohio,OH,10/25/18,-82.97922977,39.95236875
Liver,Lifeline of Ohio,Columbus,Franklin County,Ohio,OH,10/25/18,-82.97922977,39.95236875
Heart,Lifeline of Ohio,Columbus,Franklin County,Ohio,OH,10/25/18,-82.97922977,39.95236875
Lung,Lifeline of Ohio,Columbus,Franklin County,Ohio,OH,10/25/18,-82.97922977,39.95236875
Kidney,LifeCenter Organ Donor Network,Cincinnati,Hamilton County,Ohio,OH,10/25/18,-84.50037504,39.14137205
Pancreas,LifeCenter Organ Donor Network,Cincinnati,Hamilton County,Ohio,OH,10/25/18,-84.50037504,39.14137205
Liver,LifeCenter Organ Donor Network,Cincinnati,Hamilton County,Ohio,OH,10/25/18,-84.50037504,39.14137205
Intestine,LifeCenter Organ Donor Network,Cincinnati,Hamilton County,Ohio,OH,10/25/18,-84.50037504,39.14137205
Heart,LifeCenter Organ Donor Network,Cincinnati,Hamilton County,Ohio,OH,10/25/18,-84.50037504,39.14137205
Lung,LifeCenter Organ Donor Network,Cincinnati,Hamilton County,Ohio,OH,10/25/18,-84.50037504,39.14137205
Kidney,Life Connection of Ohio,Maumee,Lucas County,Ohio,OH,10/25/18,-83.61611185,41.62117649
Kidney,Lifeline of Ohio,Columbus,Franklin County,Ohio,OH,10/25/18,-83.01753508,39.99417123
Pancreas,Lifeline of Ohio,Columbus,Franklin County,Ohio,OH,10/25/18,-83.01753508,39.99417123
Pancreas Islet,Lifeline of Ohio,Columbus,Franklin County,Ohio,OH,10/25/18,-83.01753508,39.99417123
Liver,Lifeline of Ohio,Columbus,Franklin County,Ohio,OH,10/25/18,-83.01753508,39.99417123
Heart,Lifeline of Ohio,Columbus,Franklin County,Ohio,OH,10/25/18,-83.01753508,39.99417123
Lung,Lifeline of Ohio,Columbus,Franklin County,Ohio,OH,10/25/18,-83.01753508,39.99417123
Vascularized Composite Allograft (VCA),Lifeline of Ohio,Columbus,Franklin County,Ohio,OH,10/25/18,-83.01753508,39.99417123
Kidney,LifeCenter Organ Donor Network,Cincinnati,Hamilton County,Ohio,OH,10/25/18,-84.50859341,39.12096505
Kidney,LifeCenter Organ Donor Network,Cincinnati,Hamilton County,Ohio,OH,10/25/18,-84.50239803,39.13677139
Pancreas,LifeCenter Organ Donor Network,Cincinnati,Hamilton County,Ohio,OH,10/25/18,-84.50239803,39.13677139
Liver,LifeCenter Organ Donor Network,Cincinnati,Hamilton County,Ohio,OH,10/25/18,-84.50239803,39.13677139
Heart,LifeCenter Organ Donor Network,Cincinnati,Hamilton County,Ohio,OH,10/25/18,-84.50239803,39.13677139
Kidney,Lifebanc,Cleveland,Cuyahoga County,Ohio,OH,10/25/18,-81.60720154,41.50736521
Pancreas,Lifebanc,Cleveland,Cuyahoga County,Ohio,OH,10/25/18,-81.60720154,41.50736521
Liver,Lifebanc,Cleveland,Cuyahoga County,Ohio,OH,10/25/18,-81.60720154,41.50736521
Heart,Lifebanc,Cleveland,Cuyahoga County,Ohio,OH,10/25/18,-81.60720154,41.50736521
Lung,Lifebanc,Cleveland,Cuyahoga County,Ohio,OH,10/25/18,-81.60720154,41.50736521
Kidney,LifeShare Transplant Donor Services of Oklahoma,Oklahoma City,Oklahoma County,Oklahoma,OK,10/25/18,-97.57524538,35.53023208
Pancreas,LifeShare Transplant Donor Services of Oklahoma,Oklahoma City,Oklahoma County,Oklahoma,OK,10/25/18,-97.57524538,35.53023208
Liver,LifeShare Transplant Donor Services of Oklahoma,Oklahoma City,Oklahoma County,Oklahoma,OK,10/25/18,-97.57524538,35.53023208
Intestine,LifeShare Transplant Donor Services of Oklahoma,Oklahoma City,Oklahoma County,Oklahoma,OK,10/25/18,-97.57524538,35.53023208
Heart,LifeShare Transplant Donor Services of Oklahoma,Oklahoma City,Oklahoma County,Oklahoma,OK,10/25/18,-97.57524538,35.53023208
Lung,LifeShare Transplant Donor Services of Oklahoma,Oklahoma City,Oklahoma County,Oklahoma,OK,10/25/18,-97.57524538,35.53023208
Kidney,LifeShare Transplant Donor Services of Oklahoma,Oklahoma City,Oklahoma County,Oklahoma,OK,10/25/18,-97.49617307,35.4802635
Kidney,LifeShare Transplant Donor Services of Oklahoma,Oklahoma City,Oklahoma County,Oklahoma,OK,10/25/18,-97.49617307,35.4802635
Pancreas,LifeShare Transplant Donor Services of Oklahoma,Oklahoma City,Oklahoma County,Oklahoma,OK,10/25/18,-97.49617307,35.4802635
Kidney,LifeShare Transplant Donor Services of Oklahoma,Oklahoma City,Tulsa County,Oklahoma,OK,10/25/18,-95.92206598,36.073197
Kidney,LifeShare Transplant Donor Services of Oklahoma,Oklahoma City,Tulsa County,Oklahoma,OK,10/25/18,-95.96719997,36.13421658
Kidney,Pacific Northwest Transplant Bank,Portland,Multnomah County,Oregon,OR,10/25/18,-122.696631,45.53024479
Kidney,Pacific Northwest Transplant Bank,Portland,Multnomah County,Oregon,OR,10/25/18,-122.6851758,45.49973678
Pancreas,Pacific Northwest Transplant Bank,Portland,Multnomah County,Oregon,OR,10/25/18,-122.6851758,45.49973678
Liver,Pacific Northwest Transplant Bank,Portland,Multnomah County,Oregon,OR,10/25/18,-122.6851758,45.49973678
Heart,Pacific Northwest Transplant Bank,Portland,Multnomah County,Oregon,OR,10/25/18,-122.6851758,45.49973678
Kidney,Pacific Northwest Transplant Bank,Portland,Multnomah County,Oregon,OR,10/25/18,-122.6834869,45.49656707
Liver,Pacific Northwest Transplant Bank,Portland,Multnomah County,Oregon,OR,10/25/18,-122.6834869,45.49656707
Kidney,Gift of Life Donor Program,Philadelphia,Philadelphia County,Pennsylvania,PA,10/25/18,-75.14472068,40.03517094
Pancreas,Gift of Life Donor Program,Philadelphia,Philadelphia County,Pennsylvania,PA,10/25/18,-75.14472068,40.03517094
Liver,Gift of Life Donor Program,Philadelphia,Philadelphia County,Pennsylvania,PA,10/25/18,-75.14472068,40.03517094
Kidney,Center for Organ Recovery and Education,Pittsburgh,Allegheny County,Pennsylvania,PA,10/25/18,-80.00338914,40.45610117
Pancreas,Center for Organ Recovery and Education,Pittsburgh,Allegheny County,Pennsylvania,PA,10/25/18,-80.00338914,40.45610117
Liver,Center for Organ Recovery and Education,Pittsburgh,Allegheny County,Pennsylvania,PA,10/25/18,-80.00338914,40.45610117
Heart,Center for Organ Recovery and Education,Pittsburgh,Allegheny County,Pennsylvania,PA,10/25/18,-80.00338914,40.45610117
Kidney,Gift of Life Donor Program,Philadelphia,Delaware County,Pennsylvania,PA,10/25/18,-75.36861828,39.85612193
Kidney,Center for Organ Recovery and Education,Pittsburgh,Allegheny County,Pennsylvania,PA,10/25/18,-79.95288863,40.46608029
Pancreas,Center for Organ Recovery and Education,Pittsburgh,Allegheny County,Pennsylvania,PA,10/25/18,-79.95288863,40.46608029
Liver,Center for Organ Recovery and Education,Pittsburgh,Allegheny County,Pennsylvania,PA,10/25/18,-79.95288863,40.46608029
Intestine,Center for Organ Recovery and Education,Pittsburgh,Allegheny County,Pennsylvania,PA,10/25/18,-79.95288863,40.46608029
Heart,Center for Organ Recovery and Education,Pittsburgh,Allegheny County,Pennsylvania,PA,10/25/18,-79.95288863,40.46608029
Lung,Center for Organ Recovery and Education,Pittsburgh,Allegheny County,Pennsylvania,PA,10/25/18,-79.95288863,40.46608029
Kidney,Gift of Life Donor Program,Philadelphia,Philadelphia County,Pennsylvania,PA,10/25/18,-75.192903,39.948687
Liver,Gift of Life Donor Program,Philadelphia,Philadelphia County,Pennsylvania,PA,10/25/18,-75.192903,39.948687
Heart,Gift of Life Donor Program,Philadelphia,Philadelphia County,Pennsylvania,PA,10/25/18,-75.192903,39.948687
Lung,Gift of Life Donor Program,Philadelphia,Philadelphia County,Pennsylvania,PA,10/25/18,-75.192903,39.948687
Vascularized Composite Allograft (VCA),Gift of Life Donor Program,Philadelphia,Philadelphia County,Pennsylvania,PA,10/25/18,-75.192903,39.948687
Kidney,Gift of Life Donor Program,Philadelphia,Montour County,Pennsylvania,PA,10/25/18,-76.60176151,40.96970192
Liver,Gift of Life Donor Program,Philadelphia,Montour County,Pennsylvania,PA,10/25/18,-76.60176151,40.96970192
Kidney,Gift of Life Donor Program,Philadelphia,Dauphin County,Pennsylvania,PA,10/25/18,-76.67396004,40.26441127
Pancreas,Gift of Life Donor Program,Philadelphia,Dauphin County,Pennsylvania,PA,10/25/18,-76.67396004,40.26441127
Liver,Gift of Life Donor Program,Philadelphia,Dauphin County,Pennsylvania,PA,10/25/18,-76.67396004,40.26441127
Heart,Gift of Life Donor Program,Philadelphia,Dauphin County,Pennsylvania,PA,10/25/18,-76.67396004,40.26441127
Kidney,Gift of Life Donor Program,Philadelphia,Dauphin County,Pennsylvania,PA,10/25/18,-76.88090424,40.25746789
Pancreas,Gift of Life Donor Program,Philadelphia,Dauphin County,Pennsylvania,PA,10/25/18,-76.88090424,40.25746789
Kidney,Gift of Life Donor Program,Philadelphia,Philadelphia County,Pennsylvania,PA,10/25/18,-75.162366,39.958065
Liver,Gift of Life Donor Program,Philadelphia,Philadelphia County,Pennsylvania,PA,10/25/18,-75.162366,39.958065
Kidney,Gift of Life Donor Program,Philadelphia,Montgomery County,Pennsylvania,PA,10/25/18,-75.25743398,39.99005839
Kidney,Gift of Life Donor Program,Philadelphia,Lehigh County,Pennsylvania,PA,10/25/18,-75.51865475,40.56673064
Pancreas,Gift of Life Donor Program,Philadelphia,Lehigh County,Pennsylvania,PA,10/25/18,-75.51865475,40.56673064
Kidney,Center for Organ Recovery and Education,Pittsburgh,Erie County,Pennsylvania,PA,10/25/18,-80.08781558,42.13335452
Kidney,Center for Organ Recovery and Education,Pittsburgh,Allegheny County,Pennsylvania,PA,10/25/18,-79.96104458,40.44195325
Pancreas,Center for Organ Recovery and Education,Pittsburgh,Allegheny County,Pennsylvania,PA,10/25/18,-79.96104458,40.44195325
Liver,Center for Organ Recovery and Education,Pittsburgh,Allegheny County,Pennsylvania,PA,10/25/18,-79.96104458,40.44195325
Intestine,Center for Organ Recovery and Education,Pittsburgh,Allegheny County,Pennsylvania,PA,10/25/18,-79.96104458,40.44195325
Heart,Center for Organ Recovery and Education,Pittsburgh,Allegheny County,Pennsylvania,PA,10/25/18,-79.96104458,40.44195325
Lung,Center for Organ Recovery and Education,Pittsburgh,Allegheny County,Pennsylvania,PA,10/25/18,-79.96104458,40.44195325
Vascularized Composite Allograft (VCA),Center for Organ Recovery and Education,Pittsburgh,Allegheny County,Pennsylvania,PA,10/25/18,-79.96104458,40.44195325
Kidney,Gift of Life Donor Program,Philadelphia,Philadelphia County,Pennsylvania,PA,10/25/18,-75.127284,40.00768199
Kidney,Gift of Life Donor Program,Philadelphia,Philadelphia County,Pennsylvania,PA,10/25/18,-75.15864652,39.94976928
Pancreas,Gift of Life Donor Program,Philadelphia,Philadelphia County,Pennsylvania,PA,10/25/18,-75.15864652,39.94976928
Liver,Gift of Life Donor Program,Philadelphia,Philadelphia County,Pennsylvania,PA,10/25/18,-75.15864652,39.94976928
Heart,Gift of Life Donor Program,Philadelphia,Philadelphia County,Pennsylvania,PA,10/25/18,-75.15864652,39.94976928
Kidney,Gift of Life Donor Program,Philadelphia,Philadelphia County,Pennsylvania,PA,10/25/18,-75.1521967,40.00466998
Pancreas,Gift of Life Donor Program,Philadelphia,Philadelphia County,Pennsylvania,PA,10/25/18,-75.1521967,40.00466998
Liver,Gift of Life Donor Program,Philadelphia,Philadelphia County,Pennsylvania,PA,10/25/18,-75.1521967,40.00466998
Heart,Gift of Life Donor Program,Philadelphia,Philadelphia County,Pennsylvania,PA,10/25/18,-75.1521967,40.00466998
Lung,Gift of Life Donor Program,Philadelphia,Philadelphia County,Pennsylvania,PA,10/25/18,-75.1521967,40.00466998
Kidney,Gift of Life Donor Program,Philadelphia,Philadelphia County,Pennsylvania,PA,10/25/18,-75.19686324,39.95094265
Pancreas,Gift of Life Donor Program,Philadelphia,Philadelphia County,Pennsylvania,PA,10/25/18,-75.19686324,39.95094265
Pancreas Islet,Gift of Life Donor Program,Philadelphia,Philadelphia County,Pennsylvania,PA,10/25/18,-75.19686324,39.95094265
Liver,Gift of Life Donor Program,Philadelphia,Philadelphia County,Pennsylvania,PA,10/25/18,-75.19686324,39.95094265
Heart,Gift of Life Donor Program,Philadelphia,Philadelphia County,Pennsylvania,PA,10/25/18,-75.19686324,39.95094265
Lung,Gift of Life Donor Program,Philadelphia,Philadelphia County,Pennsylvania,PA,10/25/18,-75.19686324,39.95094265
Vascularized Composite Allograft (VCA),Gift of Life Donor Program,Philadelphia,Philadelphia County,Pennsylvania,PA,10/25/18,-75.19686324,39.95094265
Kidney,Center for Organ Recovery and Education,Pittsburgh,Allegheny County,Pennsylvania,PA,10/25/18,-79.95961117,40.44470978
Liver,Center for Organ Recovery and Education,Pittsburgh,Allegheny County,Pennsylvania,PA,10/25/18,-79.95961117,40.44470978
Heart,LifeLink of Puerto Rico,Guaynabo,San Juan Municipio,Puerto Rico,PR,10/25/18,-66.07616999,18.41789
Kidney,LifeLink of Puerto Rico,Guaynabo,San Juan Municipio,Puerto Rico,PR,10/25/18,-66.05769978,18.42543265
Pancreas,LifeLink of Puerto Rico,Guaynabo,San Juan Municipio,Puerto Rico,PR,10/25/18,-66.05769978,18.42543265
Liver,LifeLink of Puerto Rico,Guaynabo,San Juan Municipio,Puerto Rico,PR,10/25/18,-66.05769978,18.42543265
Kidney,New England Organ Bank,Waltham,Providence County,Rhode Island,RI,10/25/18,-71.40709841,41.81174421
Heart,We Are Sharing Hope SC,Charleston,Charleston County,South Carolina,SC,10/25/18,-79.94670417,32.78543003
Kidney,We Are Sharing Hope SC,Charleston,Charleston County,South Carolina,SC,10/25/18,-79.94679738,32.78563542
Pancreas,We Are Sharing Hope SC,Charleston,Charleston County,South Carolina,SC,10/25/18,-79.94679738,32.78563542
Liver,We Are Sharing Hope SC,Charleston,Charleston County,South Carolina,SC,10/25/18,-79.94679738,32.78563542
Intestine,We Are Sharing Hope SC,Charleston,Charleston County,South Carolina,SC,10/25/18,-79.94679738,32.78563542
Heart,We Are Sharing Hope SC,Charleston,Charleston County,South Carolina,SC,10/25/18,-79.94679738,32.78563542
Lung,We Are Sharing Hope SC,Charleston,Charleston County,South Carolina,SC,10/25/18,-79.94679738,32.78563542
Kidney,LifeSource Upper Midwest Organ Procurement Organization,Minneapolis,Minnehaha County,South Dakota,SD,10/25/18,-96.71287306,43.53368852
Pancreas,LifeSource Upper Midwest Organ Procurement Organization,Minneapolis,Minnehaha County,South Dakota,SD,10/25/18,-96.71287306,43.53368852
Liver,LifeSource Upper Midwest Organ Procurement Organization,Minneapolis,Minnehaha County,South Dakota,SD,10/25/18,-96.71287306,43.53368852
Kidney,LifeSource Upper Midwest Organ Procurement Organization,Minneapolis,Minnehaha County,South Dakota,SD,10/25/18,-96.74131838,43.53423236
Heart,Mid-South Transplant Foundation,Cordova,Shelby County,Tennessee,TN,10/25/18,-89.86088307,35.13080453
Kidney,Tennessee Donor Services,Nashville,Hamilton County,Tennessee,TN,10/25/18,-85.29085076,35.04794435
Kidney,Mid-South Transplant Foundation,Cordova,Shelby County,Tennessee,TN,10/25/18,-90.03311727,35.14259122
Liver,Mid-South Transplant Foundation,Cordova,Shelby County,Tennessee,TN,10/25/18,-90.03311727,35.14259122
Heart,Mid-South Transplant Foundation,Cordova,Shelby County,Tennessee,TN,10/25/18,-90.03311727,35.14259122
Kidney,Mid-South Transplant Foundation,Cordova,Shelby County,Tennessee,TN,10/25/18,-90.01915584,35.13708859
Pancreas,Mid-South Transplant Foundation,Cordova,Shelby County,Tennessee,TN,10/25/18,-90.01915584,35.13708859
Liver,Mid-South Transplant Foundation,Cordova,Shelby County,Tennessee,TN,10/25/18,-90.01915584,35.13708859
Kidney,Tennessee Donor Services,Nashville,Davidson County,Tennessee,TN,10/25/18,-86.80778449,36.15285275
Kidney,Tennessee Donor Services,Nashville,Davidson County,Tennessee,TN,10/25/18,-86.84342481,36.12781847
Heart,Tennessee Donor Services,Nashville,Davidson County,Tennessee,TN,10/25/18,-86.84342481,36.12781847
Kidney,Tennessee Donor Services,Nashville,Knox County,Tennessee,TN,10/25/18,-83.94882794,35.93927951
Kidney,Tennessee Donor Services,Nashville,Davidson County,Tennessee,TN,10/25/18,-86.80181148,36.13863373
Pancreas,Tennessee Donor Services,Nashville,Davidson County,Tennessee,TN,10/25/18,-86.80181148,36.13863373
Liver,Tennessee Donor Services,Nashville,Davidson County,Tennessee,TN,10/25/18,-86.80181148,36.13863373
Heart,Tennessee Donor Services,Nashville,Davidson County,Tennessee,TN,10/25/18,-86.80181148,36.13863373
Lung,Tennessee Donor Services,Nashville,Davidson County,Tennessee,TN,10/25/18,-86.80181148,36.13863373
Kidney,Tennessee Donor Services,Nashville,Davidson County,Tennessee,TN,10/25/18,-86.80476702,36.14233404
Kidney,LifeGift Organ Donation Center,Houston,Tarrant County,Texas,TX,10/25/18,-97.34377617,32.72976947
Pancreas,LifeGift Organ Donation Center,Houston,Tarrant County,Texas,TX,10/25/18,-97.34377617,32.72976947
Pancreas Islet,LifeGift Organ Donation Center,Houston,Tarrant County,Texas,TX,10/25/18,-97.34377617,32.72976947
Liver,LifeGift Organ Donation Center,Houston,Tarrant County,Texas,TX,10/25/18,-97.34377617,32.72976947
Kidney,Texas Organ Sharing Alliance,San Antonio,Bexar County,Texas,TX,10/25/18,-98.57909938,29.50998302
Pancreas,Texas Organ Sharing Alliance,San Antonio,Bexar County,Texas,TX,10/25/18,-98.57909938,29.50998302
Liver,Texas Organ Sharing Alliance,San Antonio,Bexar County,Texas,TX,10/25/18,-98.57909938,29.50998302
Intestine,Texas Organ Sharing Alliance,San Antonio,Bexar County,Texas,TX,10/25/18,-98.57909938,29.50998302
Lung,Texas Organ Sharing Alliance,San Antonio,Bexar County,Texas,TX,10/25/18,-98.57909938,29.50998302
Kidney,LifeGift Organ Donation Center,Houston,Tarrant County,Texas,TX,10/25/18,-97.3419613,32.73648969
Kidney,Southwest Transplant Alliance,Dallas,Dallas County,Texas,TX,10/25/18,-96.83620139,32.80886417
Pancreas,Southwest Transplant Alliance,Dallas,Dallas County,Texas,TX,10/25/18,-96.83620139,32.80886417
Liver,Southwest Transplant Alliance,Dallas,Dallas County,Texas,TX,10/25/18,-96.83620139,32.80886417
Intestine,Southwest Transplant Alliance,Dallas,Dallas County,Texas,TX,10/25/18,-96.83620139,32.80886417
Heart,Southwest Transplant Alliance,Dallas,Dallas County,Texas,TX,10/25/18,-96.83620139,32.80886417
Heart,Texas Organ Sharing Alliance,San Antonio,Travis County,Texas,TX,10/25/18,-97.74556475,30.30627331
Kidney,Southwest Transplant Alliance,Dallas,Nueces County,Texas,TX,10/25/18,-97.38500839,27.74927199
Kidney,Texas Organ Sharing Alliance,San Antonio,Travis County,Texas,TX,10/25/18,-97.70795621,30.41224504
Kidney,Texas Organ Sharing Alliance,San Antonio,Hidalgo County,Texas,TX,10/25/18,-98.20392302,26.25383652
Kidney,LifeGift Organ Donation Center,Houston,Tarrant County,Texas,TX,10/25/18,-97.3389825,32.73843047
Kidney,Southwest Transplant Alliance,Dallas,Dallas County,Texas,TX,10/25/18,-96.77178167,32.90947879
Pancreas,Southwest Transplant Alliance,Dallas,Dallas County,Texas,TX,10/25/18,-96.77178167,32.90947879
Heart,Southwest Transplant Alliance,Dallas,Dallas County,Texas,TX,10/25/18,-96.77178167,32.90947879
Kidney,LifeGift Organ Donation Center,Houston,Harris County,Texas,TX,10/25/18,-95.39685313,29.71462141
Pancreas,LifeGift Organ Donation Center,Houston,Harris County,Texas,TX,10/25/18,-95.39685313,29.71462141
Liver,LifeGift Organ Donation Center,Houston,Harris County,Texas,TX,10/25/18,-95.39685313,29.71462141
Intestine,LifeGift Organ Donation Center,Houston,Harris County,Texas,TX,10/25/18,-95.39685313,29.71462141
Heart,LifeGift Organ Donation Center,Houston,Harris County,Texas,TX,10/25/18,-95.39685313,29.71462141
Lung,LifeGift Organ Donation Center,Houston,Harris County,Texas,TX,10/25/18,-95.39685313,29.71462141
Kidney,LifeGift Organ Donation Center,Houston,Harris County,Texas,TX,10/25/18,-95.39916562,29.70868372
Liver,LifeGift Organ Donation Center,Houston,Harris County,Texas,TX,10/25/18,-95.39916562,29.70868372
Heart,LifeGift Organ Donation Center,Houston,Harris County,Texas,TX,10/25/18,-95.39916562,29.70868372
Lung,LifeGift Organ Donation Center,Houston,Harris County,Texas,TX,10/25/18,-95.39916562,29.70868372
Kidney,Texas Organ Sharing Alliance,San Antonio,Bexar County,Texas,TX,10/25/18,-98.57728511,29.51293794
Pancreas,Texas Organ Sharing Alliance,San Antonio,Bexar County,Texas,TX,10/25/18,-98.57728511,29.51293794
Liver,Texas Organ Sharing Alliance,San Antonio,Bexar County,Texas,TX,10/25/18,-98.57728511,29.51293794
Heart,Texas Organ Sharing Alliance,San Antonio,Bexar County,Texas,TX,10/25/18,-98.57728511,29.51293794
Kidney,Southwest Transplant Alliance,Dallas,Galveston County,Texas,TX,10/25/18,-94.77482918,29.31133337
Pancreas,Southwest Transplant Alliance,Dallas,Galveston County,Texas,TX,10/25/18,-94.77482918,29.31133337
Liver,Southwest Transplant Alliance,Dallas,Galveston County,Texas,TX,10/25/18,-94.77482918,29.31133337
Heart,Southwest Transplant Alliance,Dallas,Galveston County,Texas,TX,10/25/18,-94.77482918,29.31133337
Kidney,Southwest Transplant Alliance,Dallas,El Paso County,Texas,TX,10/25/18,-106.4985737,31.77021339
Kidney,Southwest Transplant Alliance,Dallas,Dallas County,Texas,TX,10/25/18,-96.82305363,32.76155502
Pancreas,Southwest Transplant Alliance,Dallas,Dallas County,Texas,TX,10/25/18,-96.82305363,32.76155502
Liver,Southwest Transplant Alliance,Dallas,Dallas County,Texas,TX,10/25/18,-96.82305363,32.76155502
Vascularized Composite Allograft (VCA),Southwest Transplant Alliance,Dallas,Dallas County,Texas,TX,10/25/18,-96.82305363,32.76155502
Kidney,LifeGift Organ Donation Center,Houston,Harris County,Texas,TX,10/25/18,-95.40025742,29.71027603
Pancreas,LifeGift Organ Donation Center,Houston,Harris County,Texas,TX,10/25/18,-95.40025742,29.71027603
Pancreas Islet,LifeGift Organ Donation Center,Houston,Harris County,Texas,TX,10/25/18,-95.40025742,29.71027603
Liver,LifeGift Organ Donation Center,Houston,Harris County,Texas,TX,10/25/18,-95.40025742,29.71027603
Intestine,LifeGift Organ Donation Center,Houston,Harris County,Texas,TX,10/25/18,-95.40025742,29.71027603
Heart,LifeGift Organ Donation Center,Houston,Harris County,Texas,TX,10/25/18,-95.40025742,29.71027603
Lung,LifeGift Organ Donation Center,Houston,Harris County,Texas,TX,10/25/18,-95.40025742,29.71027603
Vascularized Composite Allograft (VCA),LifeGift Organ Donation Center,Houston,Harris County,Texas,TX,10/25/18,-95.40025742,29.71027603
Kidney,LifeGift Organ Donation Center,Houston,Tarrant County,Texas,TX,10/25/18,-97.34582316,32.73485433
Pancreas,LifeGift Organ Donation Center,Houston,Tarrant County,Texas,TX,10/25/18,-97.34582316,32.73485433
Liver,LifeGift Organ Donation Center,Houston,Tarrant County,Texas,TX,10/25/18,-97.34582316,32.73485433
Kidney,Southwest Transplant Alliance,Dallas,Dallas County,Texas,TX,10/25/18,-96.83693249,32.81181728
Kidney,Texas Organ Sharing Alliance,San Antonio,Bexar County,Texas,TX,10/25/18,-98.59153235,29.51230944
Kidney,Southwest Transplant Alliance,Dallas,Dallas County,Texas,TX,10/25/18,-96.84713576,32.81968811
Liver,Southwest Transplant Alliance,Dallas,Dallas County,Texas,TX,10/25/18,-96.84713576,32.81968811
Heart,Southwest Transplant Alliance,Dallas,Dallas County,Texas,TX,10/25/18,-96.84713576,32.81968811
Lung,Southwest Transplant Alliance,Dallas,Dallas County,Texas,TX,10/25/18,-96.84713576,32.81968811
Kidney,Southwest Transplant Alliance,Dallas,Bell County,Texas,TX,10/25/18,-97.36582017,31.07887494
Pancreas,Southwest Transplant Alliance,Dallas,Bell County,Texas,TX,10/25/18,-97.36582017,31.07887494
Heart,Southwest Transplant Alliance,Dallas,Bell County,Texas,TX,10/25/18,-97.36582017,31.07887494
Kidney,LifeGift Organ Donation Center,Houston,Harris County,Texas,TX,10/25/18,-95.40145996,29.7087966
Liver,LifeGift Organ Donation Center,Houston,Harris County,Texas,TX,10/25/18,-95.40145996,29.7087966
Heart,LifeGift Organ Donation Center,Houston,Harris County,Texas,TX,10/25/18,-95.40145996,29.7087966
Lung,LifeGift Organ Donation Center,Houston,Harris County,Texas,TX,10/25/18,-95.40145996,29.7087966
Kidney,Southwest Transplant Alliance,Dallas,Dallas County,Texas,TX,10/25/18,-96.77928498,32.78836127
Pancreas,Southwest Transplant Alliance,Dallas,Dallas County,Texas,TX,10/25/18,-96.77928498,32.78836127
Pancreas Islet,Southwest Transplant Alliance,Dallas,Dallas County,Texas,TX,10/25/18,-96.77928498,32.78836127
Liver,Southwest Transplant Alliance,Dallas,Dallas County,Texas,TX,10/25/18,-96.77928498,32.78836127
Intestine,Southwest Transplant Alliance,Dallas,Dallas County,Texas,TX,10/25/18,-96.77928498,32.78836127
Heart,Southwest Transplant Alliance,Dallas,Dallas County,Texas,TX,10/25/18,-96.77928498,32.78836127
Lung,Southwest Transplant Alliance,Dallas,Dallas County,Texas,TX,10/25/18,-96.77928498,32.78836127
Vascularized Composite Allograft (VCA),Southwest Transplant Alliance,Dallas,Dallas County,Texas,TX,10/25/18,-96.77928498,32.78836127
Kidney,LifeGift Organ Donation Center,Houston,Harris County,Texas,TX,10/25/18,-95.38874759,29.70651008
Liver,LifeGift Organ Donation Center,Houston,Harris County,Texas,TX,10/25/18,-95.38874759,29.70651008
Kidney,Intermountain Donor Services,Salt Lake City,Salt Lake County,Utah,UT,10/25/18,-111.8943306,40.65882831
Pancreas,Intermountain Donor Services,Salt Lake City,Salt Lake County,Utah,UT,10/25/18,-111.8943306,40.65882831
Liver,Intermountain Donor Services,Salt Lake City,Salt Lake County,Utah,UT,10/25/18,-111.8943306,40.65882831
Heart,Intermountain Donor Services,Salt Lake City,Salt Lake County,Utah,UT,10/25/18,-111.8943306,40.65882831
Kidney,Intermountain Donor Services,Salt Lake City,Salt Lake County,Utah,UT,10/25/18,-111.8347774,40.76805739
Pancreas,Intermountain Donor Services,Salt Lake City,Salt Lake County,Utah,UT,10/25/18,-111.8347774,40.76805739
Liver,Intermountain Donor Services,Salt Lake City,Salt Lake County,Utah,UT,10/25/18,-111.8347774,40.76805739
Heart,Intermountain Donor Services,Salt Lake City,Salt Lake County,Utah,UT,10/25/18,-111.8347774,40.76805739
Lung,Intermountain Donor Services,Salt Lake City,Salt Lake County,Utah,UT,10/25/18,-111.8347774,40.76805739
Kidney,Intermountain Donor Services,Salt Lake City,Salt Lake County,Utah,UT,10/25/18,-111.8403537,40.77147811
Liver,Intermountain Donor Services,Salt Lake City,Salt Lake County,Utah,UT,10/25/18,-111.8403537,40.77147811
Heart,Intermountain Donor Services,Salt Lake City,Salt Lake County,Utah,UT,10/25/18,-111.8403537,40.77147811
Kidney,LifeNet Health,Virginia Beach,Norfolk City,Virginia,VA,10/25/18,-76.30146995,36.86166239
Kidney,Washington Regional Transplant Community,Falls Church,Fairfax County,Virginia,VA,10/25/18,-77.22598322,38.85802661
Pancreas,Washington Regional Transplant Community,Falls Church,Fairfax County,Virginia,VA,10/25/18,-77.22598322,38.85802661
Heart,Washington Regional Transplant Community,Falls Church,Fairfax County,Virginia,VA,10/25/18,-77.22598322,38.85802661
Lung,Washington Regional Transplant Community,Falls Church,Fairfax County,Virginia,VA,10/25/18,-77.22598322,38.85802661
Kidney,LifeNet Health,Virginia Beach,Henrico County,Virginia,VA,10/25/18,-77.53778671,37.60368507
Kidney,LifeNet Health,Virginia Beach,Richmond City,Virginia,VA,10/25/18,-77.42958759,37.54096209
Pancreas,LifeNet Health,Virginia Beach,Richmond City,Virginia,VA,10/25/18,-77.42958759,37.54096209
Pancreas Islet,LifeNet Health,Virginia Beach,Richmond City,Virginia,VA,10/25/18,-77.42958759,37.54096209
Liver,LifeNet Health,Virginia Beach,Richmond City,Virginia,VA,10/25/18,-77.42958759,37.54096209
Heart,LifeNet Health,Virginia Beach,Richmond City,Virginia,VA,10/25/18,-77.42958759,37.54096209
Heart,LifeNet Health,Virginia Beach,Richmond City,Virginia,VA,10/25/18,-77.47029712,37.49829119
Kidney,LifeNet Health,Virginia Beach,Norfolk City,Virginia,VA,10/25/18,-76.3047344,36.86236158
Pancreas,LifeNet Health,Virginia Beach,Norfolk City,Virginia,VA,10/25/18,-76.3047344,36.86236158
Heart,LifeNet Health,Virginia Beach,Norfolk City,Virginia,VA,10/25/18,-76.3047344,36.86236158
Kidney,LifeNet Health,Virginia Beach,Charlottesville City,Virginia,VA,10/25/18,-78.49864594,38.03199406
Pancreas,LifeNet Health,Virginia Beach,Charlottesville City,Virginia,VA,10/25/18,-78.49864594,38.03199406
Pancreas Islet,LifeNet Health,Virginia Beach,Charlottesville City,Virginia,VA,10/25/18,-78.49864594,38.03199406
Liver,LifeNet Health,Virginia Beach,Charlottesville City,Virginia,VA,10/25/18,-78.49864594,38.03199406
Heart,LifeNet Health,Virginia Beach,Charlottesville City,Virginia,VA,10/25/18,-78.49864594,38.03199406
Lung,LifeNet Health,Virginia Beach,Charlottesville City,Virginia,VA,10/25/18,-78.49864594,38.03199406
Kidney,Center for Donation and Transplant,Albany,Chittenden County,Vermont,VT,10/25/18,-73.19654936,44.48066858
Kidney,LifeCenter Northwest,Bellevue,King County,Washington,WA,10/25/18,-122.2833776,47.66421195
Pancreas,LifeCenter Northwest,Bellevue,King County,Washington,WA,10/25/18,-122.2833776,47.66421195
Liver,LifeCenter Northwest,Bellevue,King County,Washington,WA,10/25/18,-122.2833776,47.66421195
Intestine,LifeCenter Northwest,Bellevue,King County,Washington,WA,10/25/18,-122.2833776,47.66421195
Heart,LifeCenter Northwest,Bellevue,King County,Washington,WA,10/25/18,-122.2833776,47.66421195
Kidney,LifeCenter Northwest,Bellevue,Spokane County,Washington,WA,10/25/18,-117.4130634,47.64834448
Pancreas,LifeCenter Northwest,Bellevue,Spokane County,Washington,WA,10/25/18,-117.4130634,47.64834448
Heart,LifeCenter Northwest,Bellevue,Spokane County,Washington,WA,10/25/18,-117.4130634,47.64834448
Kidney,LifeCenter Northwest,Bellevue,King County,Washington,WA,10/25/18,-122.3208128,47.608576
Pancreas,LifeCenter Northwest,Bellevue,King County,Washington,WA,10/25/18,-122.3208128,47.608576
Liver,LifeCenter Northwest,Bellevue,King County,Washington,WA,10/25/18,-122.3208128,47.608576
Kidney,LifeCenter Northwest,Bellevue,King County,Washington,WA,10/25/18,-122.3071548,47.6502295
Pancreas,LifeCenter Northwest,Bellevue,King County,Washington,WA,10/25/18,-122.3071548,47.6502295
Liver,LifeCenter Northwest,Bellevue,King County,Washington,WA,10/25/18,-122.3071548,47.6502295
Intestine,LifeCenter Northwest,Bellevue,King County,Washington,WA,10/25/18,-122.3071548,47.6502295
Heart,LifeCenter Northwest,Bellevue,King County,Washington,WA,10/25/18,-122.3071548,47.6502295
Lung,LifeCenter Northwest,Bellevue,King County,Washington,WA,10/25/18,-122.3071548,47.6502295
Vascularized Composite Allograft (VCA),LifeCenter Northwest,Bellevue,King County,Washington,WA,10/25/18,-122.3071548,47.6502295
Kidney,LifeCenter Northwest,Bellevue,King County,Washington,WA,10/25/18,-122.3282571,47.60941406
Pancreas,LifeCenter Northwest,Bellevue,King County,Washington,WA,10/25/18,-122.3282571,47.60941406
Kidney,Wisconsin Donor Network,Milwaukee,Milwaukee County,Wisconsin,WI,10/25/18,-88.02480129,43.03848938
Liver,Wisconsin Donor Network,Milwaukee,Milwaukee County,Wisconsin,WI,10/25/18,-88.02480129,43.03848938
Heart,Wisconsin Donor Network,Milwaukee,Milwaukee County,Wisconsin,WI,10/25/18,-88.02480129,43.03848938
Kidney,Wisconsin Donor Network,Milwaukee,Milwaukee County,Wisconsin,WI,10/25/18,-88.02869358,43.03836349
Pancreas,Wisconsin Donor Network,Milwaukee,Milwaukee County,Wisconsin,WI,10/25/18,-88.02869358,43.03836349
Liver,Wisconsin Donor Network,Milwaukee,Milwaukee County,Wisconsin,WI,10/25/18,-88.02869358,43.03836349
Heart,Wisconsin Donor Network,Milwaukee,Milwaukee County,Wisconsin,WI,10/25/18,-88.02869358,43.03836349
Lung,Wisconsin Donor Network,Milwaukee,Milwaukee County,Wisconsin,WI,10/25/18,-88.02869358,43.03836349
Kidney,Wisconsin Donor Network,Milwaukee,Milwaukee County,Wisconsin,WI,10/25/18,-87.94943116,42.98858948
Pancreas,Wisconsin Donor Network,Milwaukee,Milwaukee County,Wisconsin,WI,10/25/18,-87.94943116,42.98858948
Liver,Wisconsin Donor Network,Milwaukee,Milwaukee County,Wisconsin,WI,10/25/18,-87.94943116,42.98858948
Heart,Wisconsin Donor Network,Milwaukee,Milwaukee County,Wisconsin,WI,10/25/18,-87.94943116,42.98858948
Kidney,UW Health Organ and Tissue Donation,Madison,Dane County,Wisconsin,WI,10/25/18,-89.4290914,43.0759982
Pancreas,UW Health Organ and Tissue Donation,Madison,Dane County,Wisconsin,WI,10/25/18,-89.4290914,43.0759982
Pancreas Islet,UW Health Organ and Tissue Donation,Madison,Dane County,Wisconsin,WI,10/25/18,-89.4290914,43.0759982
Liver,UW Health Organ and Tissue Donation,Madison,Dane County,Wisconsin,WI,10/25/18,-89.4290914,43.0759982
Intestine,UW Health Organ and Tissue Donation,Madison,Dane County,Wisconsin,WI,10/25/18,-89.4290914,43.0759982
Heart,UW Health Organ and Tissue Donation,Madison,Dane County,Wisconsin,WI,10/25/18,-89.4290914,43.0759982
Lung,UW Health Organ and Tissue Donation,Madison,Dane County,Wisconsin,WI,10/25/18,-89.4290914,43.0759982
Kidney,Center for Organ Recovery and Education,Pittsburgh,Kanawha County,West Virginia,WV,10/25/18,-81.62616961,38.34715229